Batch,Command,Start Time,Second,Command Setting,S Partition,E Partition,S Column,E Column,S Row,E Row,Error Message
0,GetCsvPartitionAddress,23:51:48,0.002,"Inbox/Master.csv",0,1,0,3,0,0,""
0,Read_CSV,23:51:48,0,"Inbox/Master.csv",1,1,3,3,0,0,""
0,Filter,23:51:48,0.001,"Style(=F)",1,1,3,3,7200,900,""
0,Build_Key_Value,23:51:48,0.001,"Product, Style => Table(key_value)",1,1,3,3,900,900,""
0,GetCsvPartitionAddress,23:51:48,3.235,"Inbox\1000M_Fact.csv",0,4942,0,5,0,0,""
0,GetCsvPartitionAddress,23:51:51,3.255,"Inbox\1000M_Fact.csv",0,4942,0,5,0,0,""
0,Read_CSV,23:51:54,0.243,"Inbox\1000M_Fact.csv",100,100,5,5,0,0,""
0,Filter,23:51:55,0.386,"Shop(S90..S99)",100,100,5,5,20235466,2219460,""
0,JoinKeyValue,23:51:55,0.083,"Product, Style => Inner(key_value)",100,100,5,6,2219460,2219460,""
0,AddColumn,23:51:55,0.028,"Quantity, Unit_Price => Multiply(Amount)",100,100,6,7,317860,317860,""
1,Read_CSV,23:51:55,0.614,"Inbox\1000M_Fact.csv",100,100,5,5,0,0,""
0,Filter,23:51:55,0.011,"Amount:Float(>100000)",100,100,7,7,317860,3120,""
0,AppendCsv,23:51:55,0.001,"Outbox/PeakGo-Detail-Result-1000M_Fact.csv",100,1,7,7,3120,3120,""
0,Group_By,23:51:55,0.003,"Shop, Product => Count() Sum(Quantity) Sum(Amount)",100,1,7,5,3120,137,""
1,Filter,23:51:55,0.374,"Shop(S90..S99)",100,100,5,5,20235448,2219460,""
1,JoinKeyValue,23:51:56,0.06,"Product, Style => Inner(key_value)",100,100,5,6,2219460,2219460,""
1,AddColumn,23:51:56,0.027,"Quantity, Unit_Price => Multiply(Amount)",100,100,6,7,317860,317860,""
1,Filter,23:51:56,0.01,"Amount:Float(>100000)",100,100,7,7,317860,3120,""
1,Group_By,23:51:56,0.002,"Shop, Product => Count() Sum(Quantity) Sum(Amount)",100,1,7,5,3120,137,""
2,Read_CSV,23:51:55,0.498,"Inbox\1000M_Fact.csv",100,100,5,5,0,0,""
1,AppendCsv,23:51:56,0,"Outbox/PeakGo-Detail-Result-1000M_Fact.csv",100,1,7,7,3120,3120,""
3,Read_CSV,23:51:56,0.375,"Inbox\1000M_Fact.csv",100,100,5,5,0,0,""
2,Filter,23:51:56,0.387,"Shop(S90..S99)",100,100,5,5,20235448,2219460,""
2,JoinKeyValue,23:51:56,0.061,"Product, Style => Inner(key_value)",100,100,5,6,2219460,2219460,""
2,AddColumn,23:51:56,0.023,"Quantity, Unit_Price => Multiply(Amount)",100,100,6,7,317860,317860,""
2,Filter,23:51:56,0.009,"Amount:Float(>100000)",100,100,7,7,317860,3120,""
2,Group_By,23:51:56,0.003,"Shop, Product => Count() Sum(Quantity) Sum(Amount)",100,1,7,5,3120,137,""
2,AppendCsv,23:51:56,0.001,"Outbox/PeakGo-Detail-Result-1000M_Fact.csv",100,1,7,7,3120,3120,""
4,Read_CSV,23:51:56,0.492,"Inbox\1000M_Fact.csv",100,100,5,5,0,0,""
3,Filter,23:51:56,0.387,"Shop(S90..S99)",100,100,5,5,20235452,2272247,""
3,JoinKeyValue,23:51:57,0.093,"Product, Style => Inner(key_value)",100,100,5,6,2272247,2272247,""
3,AddColumn,23:51:57,0.031,"Quantity, Unit_Price => Multiply(Amount)",100,100,6,7,325461,325461,""
3,Filter,23:51:57,0.011,"Amount:Float(>100000)",100,100,7,7,325461,3195,""
3,Group_By,23:51:57,0.004,"Shop, Product => Count() Sum(Quantity) Sum(Amount)",100,1,7,5,3195,137,""
3,AppendCsv,23:51:57,0.003,"Outbox/PeakGo-Detail-Result-1000M_Fact.csv",100,1,7,7,3195,3195,""
4,Filter,23:51:57,0.434,"Shop(S90..S99)",100,100,5,5,20235465,2277646,""
4,JoinKeyValue,23:51:57,0.074,"Product, Style => Inner(key_value)",100,100,5,6,2277646,2277646,""
4,AddColumn,23:51:57,0.027,"Quantity, Unit_Price => Multiply(Amount)",100,100,6,7,326152,326152,""
5,Read_CSV,23:51:57,0.77,"Inbox\1000M_Fact.csv",100,100,5,5,0,0,""
4,Filter,23:51:57,0.01,"Amount:Float(>100000)",100,100,7,7,326152,3201,""
4,Group_By,23:51:57,0.003,"Shop, Product => Count() Sum(Quantity) Sum(Amount)",100,1,7,5,3201,137,""
4,AppendCsv,23:51:57,0.001,"Outbox/PeakGo-Detail-Result-1000M_Fact.csv",100,1,7,7,3201,3201,""
5,Filter,23:51:57,0.348,"Shop(S90..S99)",100,100,5,5,20235449,2219460,""
5,JoinKeyValue,23:51:58,0.068,"Product, Style => Inner(key_value)",100,100,5,6,2219460,2219460,""
5,AddColumn,23:51:58,0.024,"Quantity, Unit_Price => Multiply(Amount)",100,100,6,7,317860,317860,""
5,Filter,23:51:58,0.009,"Amount:Float(>100000)",100,100,7,7,317860,3120,""
5,Group_By,23:51:58,0.002,"Shop, Product => Count() Sum(Quantity) Sum(Amount)",100,1,7,5,3120,137,""
5,AppendCsv,23:51:58,0.001,"Outbox/PeakGo-Detail-Result-1000M_Fact.csv",100,1,7,7,3120,3120,""
6,Read_CSV,23:51:57,0.684,"Inbox\1000M_Fact.csv",100,100,5,5,0,0,""
6,Filter,23:51:58,0.349,"Shop(S90..S99)",100,100,5,5,20235448,2219460,""
6,JoinKeyValue,23:51:58,0.06,"Product, Style => Inner(key_value)",100,100,5,6,2219460,2219460,""
6,AddColumn,23:51:59,0.026,"Quantity, Unit_Price => Multiply(Amount)",100,100,6,7,317860,317860,""
6,Filter,23:51:59,0.009,"Amount:Float(>100000)",100,100,7,7,317860,3120,""
6,Group_By,23:51:59,0.003,"Shop, Product => Count() Sum(Quantity) Sum(Amount)",100,1,7,5,3120,137,""
6,AppendCsv,23:51:59,0,"Outbox/PeakGo-Detail-Result-1000M_Fact.csv",100,1,7,7,3120,3120,""
7,Read_CSV,23:51:58,0.669,"Inbox\1000M_Fact.csv",100,100,5,5,0,0,""
7,Filter,23:51:59,0.393,"Shop(S90..S99)",100,100,5,5,20235452,2219460,""
7,JoinKeyValue,23:51:59,0.071,"Product, Style => Inner(key_value)",100,100,5,6,2219460,2219460,""
7,AddColumn,23:51:59,0.026,"Quantity, Unit_Price => Multiply(Amount)",100,100,6,7,317860,317860,""
7,Filter,23:51:59,0.01,"Amount:Float(>100000)",100,100,7,7,317860,3120,""
7,Group_By,23:51:59,0.002,"Shop, Product => Count() Sum(Quantity) Sum(Amount)",100,1,7,5,3120,137,""
7,AppendCsv,23:51:59,0.001,"Outbox/PeakGo-Detail-Result-1000M_Fact.csv",100,1,7,7,3120,3120,""
8,Read_CSV,23:51:59,0.712,"Inbox\1000M_Fact.csv",100,100,5,5,0,0,""
8,Filter,23:52:00,0.45,"Shop(S90..S99)",100,100,5,5,20235462,2330433,""
8,JoinKeyValue,23:52:00,0.105,"Product, Style => Inner(key_value)",100,100,5,6,2330433,2330433,""
8,AddColumn,23:52:00,0.033,"Quantity, Unit_Price => Multiply(Amount)",100,100,6,7,333753,333753,""
8,Filter,23:52:00,0.014,"Amount:Float(>100000)",100,100,7,7,333753,3276,""
8,Group_By,23:52:00,0.003,"Shop, Product => Count() Sum(Quantity) Sum(Amount)",100,1,7,5,3276,137,""
8,AppendCsv,23:52:00,0.001,"Outbox/PeakGo-Detail-Result-1000M_Fact.csv",100,1,7,7,3276,3276,""
9,Read_CSV,23:51:59,0.89,"Inbox\1000M_Fact.csv",100,100,5,5,0,0,""
9,Filter,23:52:00,0.336,"Shop(S90..S99)",100,100,5,5,20235452,2219460,""
9,JoinKeyValue,23:52:01,0.067,"Product, Style => Inner(key_value)",100,100,5,6,2219460,2219460,""
9,AddColumn,23:52:01,0.028,"Quantity, Unit_Price => Multiply(Amount)",100,100,6,7,317860,317860,""
9,Filter,23:52:01,0.009,"Amount:Float(>100000)",100,100,7,7,317860,3120,""
9,Group_By,23:52:01,0.002,"Shop, Product => Count() Sum(Quantity) Sum(Amount)",100,1,7,5,3120,137,""
9,AppendCsv,23:52:01,0,"Outbox/PeakGo-Detail-Result-1000M_Fact.csv",100,1,7,7,3120,3120,""
10,Read_CSV,23:52:00,0.64,"Inbox\1000M_Fact.csv",100,100,5,5,0,0,""
10,Filter,23:52:01,0.38,"Shop(S90..S99)",100,100,5,5,20235454,2219460,""
10,JoinKeyValue,23:52:01,0.073,"Product, Style => Inner(key_value)",100,100,5,6,2219460,2219460,""
10,AddColumn,23:52:01,0.031,"Quantity, Unit_Price => Multiply(Amount)",100,100,6,7,317860,317860,""
10,Filter,23:52:02,0.012,"Amount:Float(>100000)",100,100,7,7,317860,3120,""
10,Group_By,23:52:02,0.003,"Shop, Product => Count() Sum(Quantity) Sum(Amount)",100,1,7,5,3120,137,""
10,AppendCsv,23:52:02,0,"Outbox/PeakGo-Detail-Result-1000M_Fact.csv",100,1,7,7,3120,3120,""
11,Read_CSV,23:52:01,0.606,"Inbox\1000M_Fact.csv",100,100,5,5,0,0,""
11,Filter,23:52:02,0.342,"Shop(S90..S99)",100,100,5,5,20235446,2219460,""
11,JoinKeyValue,23:52:02,0.065,"Product, Style => Inner(key_value)",100,100,5,6,2219460,2219460,""
11,AddColumn,23:52:02,0.028,"Quantity, Unit_Price => Multiply(Amount)",100,100,6,7,317860,317860,""
11,Filter,23:52:02,0.011,"Amount:Float(>100000)",100,100,7,7,317860,3120,""
11,Group_By,23:52:02,0.003,"Shop, Product => Count() Sum(Quantity) Sum(Amount)",100,1,7,5,3120,137,""
11,AppendCsv,23:52:02,0.003,"Outbox/PeakGo-Detail-Result-1000M_Fact.csv",100,1,7,7,3120,3120,""
12,Read_CSV,23:52:02,0.629,"Inbox\1000M_Fact.csv",100,100,5,5,0,0,""
12,Filter,23:52:02,0.342,"Shop(S90..S99)",100,100,5,5,20235459,2330433,""
12,JoinKeyValue,23:52:03,0.065,"Product, Style => Inner(key_value)",100,100,5,6,2330433,2330433,""
12,AddColumn,23:52:03,0.026,"Quantity, Unit_Price => Multiply(Amount)",100,100,6,7,333753,333753,""
12,Filter,23:52:03,0.009,"Amount:Float(>100000)",100,100,7,7,333753,3276,""
12,Group_By,23:52:03,0.003,"Shop, Product => Count() Sum(Quantity) Sum(Amount)",100,1,7,5,3276,137,""
12,AppendCsv,23:52:03,0.001,"Outbox/PeakGo-Detail-Result-1000M_Fact.csv",100,1,7,7,3276,3276,""
13,Read_CSV,23:52:02,0.564,"Inbox\1000M_Fact.csv",100,100,5,5,0,0,""
13,Filter,23:52:03,0.329,"Shop(S90..S99)",100,100,5,5,20235458,2219460,""
13,JoinKeyValue,23:52:03,0.058,"Product, Style => Inner(key_value)",100,100,5,6,2219460,2219460,""
13,AddColumn,23:52:03,0.023,"Quantity, Unit_Price => Multiply(Amount)",100,100,6,7,317860,317860,""
13,Filter,23:52:03,0.009,"Amount:Float(>100000)",100,100,7,7,317860,3120,""
13,Group_By,23:52:03,0.003,"Shop, Product => Count() Sum(Quantity) Sum(Amount)",100,1,7,5,3120,137,""
13,AppendCsv,23:52:03,0.001,"Outbox/PeakGo-Detail-Result-1000M_Fact.csv",100,1,7,7,3120,3120,""
14,Read_CSV,23:52:03,0.621,"Inbox\1000M_Fact.csv",100,100,5,5,0,0,""
14,Filter,23:52:03,0.316,"Shop(S90..S99)",100,100,5,5,20235451,2219460,""
14,JoinKeyValue,23:52:04,0.065,"Product, Style => Inner(key_value)",100,100,5,6,2219460,2219460,""
14,AddColumn,23:52:04,0.027,"Quantity, Unit_Price => Multiply(Amount)",100,100,6,7,317860,317860,""
14,Filter,23:52:04,0.008,"Amount:Float(>100000)",100,100,7,7,317860,3120,""
14,Group_By,23:52:04,0.003,"Shop, Product => Count() Sum(Quantity) Sum(Amount)",100,1,7,5,3120,137,""
14,AppendCsv,23:52:04,0,"Outbox/PeakGo-Detail-Result-1000M_Fact.csv",100,1,7,7,3120,3120,""
15,Read_CSV,23:52:03,0.592,"Inbox\1000M_Fact.csv",100,100,5,5,0,0,""
15,Filter,23:52:04,0.317,"Shop(S90..S99)",100,100,5,5,20235450,2219460,""
15,JoinKeyValue,23:52:04,0.058,"Product, Style => Inner(key_value)",100,100,5,6,2219460,2219460,""
15,AddColumn,23:52:04,0.025,"Quantity, Unit_Price => Multiply(Amount)",100,100,6,7,317860,317860,""
15,Filter,23:52:04,0.01,"Amount:Float(>100000)",100,100,7,7,317860,3120,""
15,Group_By,23:52:04,0.004,"Shop, Product => Count() Sum(Quantity) Sum(Amount)",100,1,7,5,3120,137,""
15,AppendCsv,23:52:04,0,"Outbox/PeakGo-Detail-Result-1000M_Fact.csv",100,1,7,7,3120,3120,""
16,Read_CSV,23:52:04,0.63,"Inbox\1000M_Fact.csv",100,100,5,5,0,0,""
16,Filter,23:52:05,0.324,"Shop(S90..S99)",100,100,5,5,20235453,2330433,""
16,JoinKeyValue,23:52:05,0.059,"Product, Style => Inner(key_value)",100,100,5,6,2330433,2330433,""
16,AddColumn,23:52:05,0.026,"Quantity, Unit_Price => Multiply(Amount)",100,100,6,7,333753,333753,""
16,Filter,23:52:05,0.01,"Amount:Float(>100000)",100,100,7,7,333753,3276,""
16,Group_By,23:52:05,0.003,"Shop, Product => Count() Sum(Quantity) Sum(Amount)",100,1,7,5,3276,137,""
16,AppendCsv,23:52:05,0,"Outbox/PeakGo-Detail-Result-1000M_Fact.csv",100,1,7,7,3276,3276,""
17,Read_CSV,23:52:05,0.632,"Inbox\1000M_Fact.csv",100,100,5,5,0,0,""
17,Filter,23:52:05,0.312,"Shop(S90..S99)",100,100,5,5,20235467,2219460,""
17,JoinKeyValue,23:52:06,0.061,"Product, Style => Inner(key_value)",100,100,5,6,2219460,2219460,""
17,AddColumn,23:52:06,0.021,"Quantity, Unit_Price => Multiply(Amount)",100,100,6,7,317860,317860,""
17,Filter,23:52:06,0.012,"Amount:Float(>100000)",100,100,7,7,317860,3120,""
17,Group_By,23:52:06,0,"Shop, Product => Count() Sum(Quantity) Sum(Amount)",100,1,7,5,3120,137,""
17,AppendCsv,23:52:06,0,"Outbox/PeakGo-Detail-Result-1000M_Fact.csv",100,1,7,7,3120,3120,""
18,Read_CSV,23:52:05,0.567,"Inbox\1000M_Fact.csv",100,100,5,5,0,0,""
18,Filter,23:52:06,0.324,"Shop(S90..S99)",100,100,5,5,20235449,2219460,""
18,JoinKeyValue,23:52:06,0.065,"Product, Style => Inner(key_value)",100,100,5,6,2219460,2219460,""
18,AddColumn,23:52:06,0.03,"Quantity, Unit_Price => Multiply(Amount)",100,100,6,7,317860,317860,""
18,Filter,23:52:06,0.01,"Amount:Float(>100000)",100,100,7,7,317860,3120,""
18,Group_By,23:52:06,0.003,"Shop, Product => Count() Sum(Quantity) Sum(Amount)",100,1,7,5,3120,137,""
18,AppendCsv,23:52:06,0.001,"Outbox/PeakGo-Detail-Result-1000M_Fact.csv",100,1,7,7,3120,3120,""
19,Read_CSV,23:52:06,0.573,"Inbox\1000M_Fact.csv",100,100,5,5,0,0,""
19,Filter,23:52:06,0.313,"Shop(S90..S99)",100,100,5,5,20235447,2219460,""
19,JoinKeyValue,23:52:07,0.061,"Product, Style => Inner(key_value)",100,100,5,6,2219460,2219460,""
19,AddColumn,23:52:07,0.026,"Quantity, Unit_Price => Multiply(Amount)",100,100,6,7,317860,317860,""
19,Filter,23:52:07,0.01,"Amount:Float(>100000)",100,100,7,7,317860,3120,""
19,Group_By,23:52:07,0.002,"Shop, Product => Count() Sum(Quantity) Sum(Amount)",100,1,7,5,3120,137,""
20,Read_CSV,23:52:06,0.506,"Inbox\1000M_Fact.csv",100,100,5,5,0,0,""
19,AppendCsv,23:52:07,0.001,"Outbox/PeakGo-Detail-Result-1000M_Fact.csv",100,1,7,7,3120,3120,""
20,Filter,23:52:07,0.333,"Shop(S90..S99)",100,100,5,5,20235453,2274962,""
20,JoinKeyValue,23:52:07,0.072,"Product, Style => Inner(key_value)",100,100,5,6,2274962,2274962,""
20,AddColumn,23:52:07,0.027,"Quantity, Unit_Price => Multiply(Amount)",100,100,6,7,325857,325857,""
20,Filter,23:52:07,0.009,"Amount:Float(>100000)",100,100,7,7,325857,3198,""
20,Group_By,23:52:07,0.003,"Shop, Product => Count() Sum(Quantity) Sum(Amount)",100,1,7,5,3198,137,""
21,Read_CSV,23:52:07,0.504,"Inbox\1000M_Fact.csv",100,100,5,5,0,0,""
20,AppendCsv,23:52:07,0.001,"Outbox/PeakGo-Detail-Result-1000M_Fact.csv",100,1,7,7,3198,3198,""
22,Read_CSV,23:52:07,0.253,"Inbox\1000M_Fact.csv",100,100,5,5,0,0,""
21,Filter,23:52:08,0.345,"Shop(S90..S99)",100,100,5,5,20235464,2274931,""
21,JoinKeyValue,23:52:08,0.068,"Product, Style => Inner(key_value)",100,100,5,6,2274931,2274931,""
21,AddColumn,23:52:08,0.026,"Quantity, Unit_Price => Multiply(Amount)",100,100,6,7,325756,325756,""
21,Filter,23:52:08,0.012,"Amount:Float(>100000)",100,100,7,7,325756,3198,""
21,Group_By,23:52:08,0.002,"Shop, Product => Count() Sum(Quantity) Sum(Amount)",100,1,7,5,3198,137,""
21,AppendCsv,23:52:08,0.001,"Outbox/PeakGo-Detail-Result-1000M_Fact.csv",100,1,7,7,3198,3198,""
22,Filter,23:52:08,0.445,"Shop(S90..S99)",100,100,5,5,20235449,2219460,""
23,Read_CSV,23:52:08,0.824,"Inbox\1000M_Fact.csv",100,100,5,5,0,0,""
22,JoinKeyValue,23:52:08,0.11,"Product, Style => Inner(key_value)",100,100,5,6,2219460,2219460,""
22,AddColumn,23:52:09,0.036,"Quantity, Unit_Price => Multiply(Amount)",100,100,6,7,317860,317860,""
22,Filter,23:52:09,0.012,"Amount:Float(>100000)",100,100,7,7,317860,3120,""
22,Group_By,23:52:09,0.003,"Shop, Product => Count() Sum(Quantity) Sum(Amount)",100,1,7,5,3120,137,""
22,AppendCsv,23:52:09,0,"Outbox/PeakGo-Detail-Result-1000M_Fact.csv",100,1,7,7,3120,3120,""
23,Filter,23:52:09,0.483,"Shop(S90..S99)",100,100,5,5,20235447,2219460,""
23,JoinKeyValue,23:52:09,0.09,"Product, Style => Inner(key_value)",100,100,5,6,2219460,2219460,""
23,AddColumn,23:52:09,0.037,"Quantity, Unit_Price => Multiply(Amount)",100,100,6,7,317860,317860,""
23,Filter,23:52:09,0.012,"Amount:Float(>100000)",100,100,7,7,317860,3120,""
23,Group_By,23:52:09,0.004,"Shop, Product => Count() Sum(Quantity) Sum(Amount)",100,1,7,5,3120,137,""
23,AppendCsv,23:52:09,0.002,"Outbox/PeakGo-Detail-Result-1000M_Fact.csv",100,1,7,7,3120,3120,""
24,Read_CSV,23:52:08,0.843,"Inbox\1000M_Fact.csv",100,100,5,5,0,0,""
24,Filter,23:52:09,0.441,"Shop(S90..S99)",100,100,5,5,20235453,2219460,""
24,JoinKeyValue,23:52:10,0.067,"Product, Style => Inner(key_value)",100,100,5,6,2219460,2219460,""
24,AddColumn,23:52:10,0.026,"Quantity, Unit_Price => Multiply(Amount)",100,100,6,7,317860,317860,""
24,Filter,23:52:10,0.012,"Amount:Float(>100000)",100,100,7,7,317860,3120,""
24,Group_By,23:52:10,0.003,"Shop, Product => Count() Sum(Quantity) Sum(Amount)",100,1,7,5,3120,137,""
24,AppendCsv,23:52:10,0.001,"Outbox/PeakGo-Detail-Result-1000M_Fact.csv",100,1,7,7,3120,3120,""
25,Read_CSV,23:52:09,0.737,"Inbox\1000M_Fact.csv",100,100,5,5,0,0,""
25,Filter,23:52:10,0.312,"Shop(S90..S99)",100,100,5,5,20235462,2330433,""
25,JoinKeyValue,23:52:10,0.067,"Product, Style => Inner(key_value)",100,100,5,6,2330433,2330433,""
25,AddColumn,23:52:11,0.025,"Quantity, Unit_Price => Multiply(Amount)",100,100,6,7,333753,333753,""
25,Filter,23:52:11,0.01,"Amount:Float(>100000)",100,100,7,7,333753,3276,""
25,Group_By,23:52:11,0.003,"Shop, Product => Count() Sum(Quantity) Sum(Amount)",100,1,7,5,3276,137,""
25,AppendCsv,23:52:11,0.001,"Outbox/PeakGo-Detail-Result-1000M_Fact.csv",100,1,7,7,3276,3276,""
26,Read_CSV,23:52:10,0.58,"Inbox\1000M_Fact.csv",100,100,5,5,0,0,""
26,Filter,23:52:11,0.331,"Shop(S90..S99)",100,100,5,5,20235452,2219460,""
26,JoinKeyValue,23:52:11,0.061,"Product, Style => Inner(key_value)",100,100,5,6,2219460,2219460,""
26,AddColumn,23:52:11,0.029,"Quantity, Unit_Price => Multiply(Amount)",100,100,6,7,317860,317860,""
26,Filter,23:52:11,0.01,"Amount:Float(>100000)",100,100,7,7,317860,3120,""
26,Group_By,23:52:11,0.003,"Shop, Product => Count() Sum(Quantity) Sum(Amount)",100,1,7,5,3120,137,""
26,AppendCsv,23:52:11,0.001,"Outbox/PeakGo-Detail-Result-1000M_Fact.csv",100,1,7,7,3120,3120,""
27,Read_CSV,23:52:11,0.545,"Inbox\1000M_Fact.csv",100,100,5,5,0,0,""
27,Filter,23:52:11,0.326,"Shop(S90..S99)",100,100,5,5,20235454,2219460,""
27,JoinKeyValue,23:52:12,0.062,"Product, Style => Inner(key_value)",100,100,5,6,2219460,2219460,""
27,AddColumn,23:52:12,0.026,"Quantity, Unit_Price => Multiply(Amount)",100,100,6,7,317860,317860,""
27,Filter,23:52:12,0.01,"Amount:Float(>100000)",100,100,7,7,317860,3120,""
27,Group_By,23:52:12,0.004,"Shop, Product => Count() Sum(Quantity) Sum(Amount)",100,1,7,5,3120,137,""
28,Read_CSV,23:52:11,0.515,"Inbox\1000M_Fact.csv",100,100,5,5,0,0,""
27,AppendCsv,23:52:12,0,"Outbox/PeakGo-Detail-Result-1000M_Fact.csv",100,1,7,7,3120,3120,""
28,Filter,23:52:12,0.34,"Shop(S90..S99)",100,100,5,5,20235446,2219460,""
28,JoinKeyValue,23:52:12,0.062,"Product, Style => Inner(key_value)",100,100,5,6,2219460,2219460,""
28,AddColumn,23:52:12,0.025,"Quantity, Unit_Price => Multiply(Amount)",100,100,6,7,317860,317860,""
28,Filter,23:52:12,0.009,"Amount:Float(>100000)",100,100,7,7,317860,3120,""
28,Group_By,23:52:12,0.003,"Shop, Product => Count() Sum(Quantity) Sum(Amount)",100,1,7,5,3120,137,""
29,Read_CSV,23:52:12,0.548,"Inbox\1000M_Fact.csv",100,100,5,5,0,0,""
28,AppendCsv,23:52:12,0.001,"Outbox/PeakGo-Detail-Result-1000M_Fact.csv",100,1,7,7,3120,3120,""
29,Filter,23:52:12,0.453,"Shop(S90..S99)",100,100,5,5,20235459,2330433,""
29,JoinKeyValue,23:52:13,0.109,"Product, Style => Inner(key_value)",100,100,5,6,2330433,2330433,""
29,AddColumn,23:52:13,0.036,"Quantity, Unit_Price => Multiply(Amount)",100,100,6,7,333753,333753,""
29,Filter,23:52:13,0.016,"Amount:Float(>100000)",100,100,7,7,333753,3276,""
29,Group_By,23:52:13,0.005,"Shop, Product => Count() Sum(Quantity) Sum(Amount)",100,1,7,5,3276,137,""
29,AppendCsv,23:52:13,0.001,"Outbox/PeakGo-Detail-Result-1000M_Fact.csv",100,1,7,7,3276,3276,""
30,Read_CSV,23:52:12,0.77,"Inbox\1000M_Fact.csv",100,100,5,5,0,0,""
30,Filter,23:52:13,0.41,"Shop(S90..S99)",100,100,5,5,20235458,2219460,""
30,JoinKeyValue,23:52:13,0.069,"Product, Style => Inner(key_value)",100,100,5,6,2219460,2219460,""
30,AddColumn,23:52:14,0.029,"Quantity, Unit_Price => Multiply(Amount)",100,100,6,7,317860,317860,""
30,Filter,23:52:14,0.01,"Amount:Float(>100000)",100,100,7,7,317860,3120,""
30,Group_By,23:52:14,0.002,"Shop, Product => Count() Sum(Quantity) Sum(Amount)",100,1,7,5,3120,137,""
30,AppendCsv,23:52:14,0.001,"Outbox/PeakGo-Detail-Result-1000M_Fact.csv",100,1,7,7,3120,3120,""
31,Read_CSV,23:52:13,0.887,"Inbox\1000M_Fact.csv",100,100,5,5,0,0,""
31,Filter,23:52:14,0.393,"Shop(S90..S99)",100,100,5,5,20235451,2219460,""
31,JoinKeyValue,23:52:14,0.064,"Product, Style => Inner(key_value)",100,100,5,6,2219460,2219460,""
31,AddColumn,23:52:14,0.024,"Quantity, Unit_Price => Multiply(Amount)",100,100,6,7,317860,317860,""
31,Filter,23:52:14,0.01,"Amount:Float(>100000)",100,100,7,7,317860,3120,""
31,Group_By,23:52:15,0.002,"Shop, Product => Count() Sum(Quantity) Sum(Amount)",100,1,7,5,3120,137,""
32,Read_CSV,23:52:14,0.637,"Inbox\1000M_Fact.csv",100,100,5,5,0,0,""
31,AppendCsv,23:52:15,0.001,"Outbox/PeakGo-Detail-Result-1000M_Fact.csv",100,1,7,7,3120,3120,""
32,Filter,23:52:15,0.334,"Shop(S90..S99)",100,100,5,5,20235450,2219460,""
32,JoinKeyValue,23:52:15,0.056,"Product, Style => Inner(key_value)",100,100,5,6,2219460,2219460,""
32,AddColumn,23:52:15,0.025,"Quantity, Unit_Price => Multiply(Amount)",100,100,6,7,317860,317860,""
32,Filter,23:52:15,0.009,"Amount:Float(>100000)",100,100,7,7,317860,3120,""
32,Group_By,23:52:15,0.003,"Shop, Product => Count() Sum(Quantity) Sum(Amount)",100,1,7,5,3120,137,""
32,AppendCsv,23:52:15,0,"Outbox/PeakGo-Detail-Result-1000M_Fact.csv",100,1,7,7,3120,3120,""
33,Read_CSV,23:52:15,0.575,"Inbox\1000M_Fact.csv",100,100,5,5,0,0,""
33,Filter,23:52:15,0.308,"Shop(S90..S99)",100,100,5,5,20235453,2330433,""
33,JoinKeyValue,23:52:16,0.071,"Product, Style => Inner(key_value)",100,100,5,6,2330433,2330433,""
34,Read_CSV,23:52:15,0.505,"Inbox\1000M_Fact.csv",100,100,5,5,0,0,""
33,AddColumn,23:52:16,0.026,"Quantity, Unit_Price => Multiply(Amount)",100,100,6,7,333753,333753,""
33,Filter,23:52:16,0.01,"Amount:Float(>100000)",100,100,7,7,333753,3276,""
33,Group_By,23:52:16,0.004,"Shop, Product => Count() Sum(Quantity) Sum(Amount)",100,1,7,5,3276,137,""
33,AppendCsv,23:52:16,0.005,"Outbox/PeakGo-Detail-Result-1000M_Fact.csv",100,1,7,7,3276,3276,""
34,Filter,23:52:16,0.337,"Shop(S90..S99)",100,100,5,5,20235466,2219460,""
34,JoinKeyValue,23:52:16,0.072,"Product, Style => Inner(key_value)",100,100,5,6,2219460,2219460,""
34,AddColumn,23:52:16,0.027,"Quantity, Unit_Price => Multiply(Amount)",100,100,6,7,317860,317860,""
34,Filter,23:52:16,0.011,"Amount:Float(>100000)",100,100,7,7,317860,3120,""
34,Group_By,23:52:16,0.002,"Shop, Product => Count() Sum(Quantity) Sum(Amount)",100,1,7,5,3120,137,""
34,AppendCsv,23:52:16,0.003,"Outbox/PeakGo-Detail-Result-1000M_Fact.csv",100,1,7,7,3120,3120,""
35,Read_CSV,23:52:16,0.61,"Inbox\1000M_Fact.csv",100,100,5,5,0,0,""
35,Filter,23:52:16,0.315,"Shop(S90..S99)",100,100,5,5,20235449,2219460,""
35,JoinKeyValue,23:52:17,0.062,"Product, Style => Inner(key_value)",100,100,5,6,2219460,2219460,""
35,AddColumn,23:52:17,0.027,"Quantity, Unit_Price => Multiply(Amount)",100,100,6,7,317860,317860,""
35,Filter,23:52:17,0.01,"Amount:Float(>100000)",100,100,7,7,317860,3120,""
35,Group_By,23:52:17,0.002,"Shop, Product => Count() Sum(Quantity) Sum(Amount)",100,1,7,5,3120,137,""
36,Read_CSV,23:52:16,0.501,"Inbox\1000M_Fact.csv",100,100,5,5,0,0,""
35,AppendCsv,23:52:17,0,"Outbox/PeakGo-Detail-Result-1000M_Fact.csv",100,1,7,7,3120,3120,""
36,Filter,23:52:17,0.343,"Shop(S90..S99)",100,100,5,5,20235447,2219460,""
36,JoinKeyValue,23:52:17,0.061,"Product, Style => Inner(key_value)",100,100,5,6,2219460,2219460,""
37,Read_CSV,23:52:17,0.516,"Inbox\1000M_Fact.csv",100,100,5,5,0,0,""
36,AddColumn,23:52:17,0.026,"Quantity, Unit_Price => Multiply(Amount)",100,100,6,7,317860,317860,""
36,Filter,23:52:17,0.011,"Amount:Float(>100000)",100,100,7,7,317860,3120,""
36,Group_By,23:52:17,0.002,"Shop, Product => Count() Sum(Quantity) Sum(Amount)",100,1,7,5,3120,137,""
36,AppendCsv,23:52:17,0.004,"Outbox/PeakGo-Detail-Result-1000M_Fact.csv",100,1,7,7,3120,3120,""
37,Filter,23:52:17,0.334,"Shop(S90..S99)",100,100,5,5,20235454,2277676,""
37,JoinKeyValue,23:52:18,0.061,"Product, Style => Inner(key_value)",100,100,5,6,2277676,2277676,""
37,AddColumn,23:52:18,0.026,"Quantity, Unit_Price => Multiply(Amount)",100,100,6,7,326241,326241,""
38,Read_CSV,23:52:17,0.463,"Inbox\1000M_Fact.csv",100,100,5,5,0,0,""
37,Filter,23:52:18,0.009,"Amount:Float(>100000)",100,100,7,7,326241,3203,""
37,Group_By,23:52:18,0.002,"Shop, Product => Count() Sum(Quantity) Sum(Amount)",100,1,7,5,3203,137,""
37,AppendCsv,23:52:18,0.019,"Outbox/PeakGo-Detail-Result-1000M_Fact.csv",100,1,7,7,3203,3203,""
38,Filter,23:52:18,0.345,"Shop(S90..S99)",100,100,5,5,20235465,2272217,""
38,JoinKeyValue,23:52:18,0.073,"Product, Style => Inner(key_value)",100,100,5,6,2272217,2272217,""
38,AddColumn,23:52:18,0.027,"Quantity, Unit_Price => Multiply(Amount)",100,100,6,7,325372,325372,""
38,Filter,23:52:18,0.01,"Amount:Float(>100000)",100,100,7,7,325372,3193,""
38,Group_By,23:52:18,0.003,"Shop, Product => Count() Sum(Quantity) Sum(Amount)",100,1,7,5,3193,137,""
39,Read_CSV,23:52:18,0.465,"Inbox\1000M_Fact.csv",100,100,5,5,0,0,""
38,AppendCsv,23:52:18,0.001,"Outbox/PeakGo-Detail-Result-1000M_Fact.csv",100,1,7,7,3193,3193,""
40,Read_CSV,23:52:18,0.201,"Inbox\1000M_Fact.csv",100,100,5,5,0,0,""
39,Filter,23:52:18,0.348,"Shop(S90..S99)",100,100,5,5,20235448,2219460,""
39,JoinKeyValue,23:52:19,0.064,"Product, Style => Inner(key_value)",100,100,5,6,2219460,2219460,""
39,AddColumn,23:52:19,0.026,"Quantity, Unit_Price => Multiply(Amount)",100,100,6,7,317860,317860,""
39,Filter,23:52:19,0.01,"Amount:Float(>100000)",100,100,7,7,317860,3120,""
39,Group_By,23:52:19,0.003,"Shop, Product => Count() Sum(Quantity) Sum(Amount)",100,1,7,5,3120,137,""
39,AppendCsv,23:52:19,0.026,"Outbox/PeakGo-Detail-Result-1000M_Fact.csv",100,1,7,7,3120,3120,""
41,Read_CSV,23:52:18,0.646,"Inbox\1000M_Fact.csv",100,100,5,5,0,0,""
40,Filter,23:52:19,0.4,"Shop(S90..S99)",100,100,5,5,20235447,2219460,""
40,JoinKeyValue,23:52:19,0.067,"Product, Style => Inner(key_value)",100,100,5,6,2219460,2219460,""
40,AddColumn,23:52:19,0.024,"Quantity, Unit_Price => Multiply(Amount)",100,100,6,7,317860,317860,""
40,Filter,23:52:19,0.01,"Amount:Float(>100000)",100,100,7,7,317860,3120,""
40,Group_By,23:52:19,0.002,"Shop, Product => Count() Sum(Quantity) Sum(Amount)",100,1,7,5,3120,137,""
40,AppendCsv,23:52:19,0.003,"Outbox/PeakGo-Detail-Result-1000M_Fact.csv",100,1,7,7,3120,3120,""
41,Filter,23:52:19,0.318,"Shop(S90..S99)",100,100,5,5,20235452,2219488,""
41,JoinKeyValue,23:52:20,0.068,"Product, Style => Inner(key_value)",100,100,5,6,2219488,2219488,""
41,AddColumn,23:52:20,0.024,"Quantity, Unit_Price => Multiply(Amount)",100,100,6,7,317866,317866,""
41,Filter,23:52:20,0.009,"Amount:Float(>100000)",100,100,7,7,317866,3120,""
41,Group_By,23:52:20,0.003,"Shop, Product => Count() Sum(Quantity) Sum(Amount)",100,1,7,5,3120,137,""
42,Read_CSV,23:52:19,0.642,"Inbox\1000M_Fact.csv",100,100,5,5,0,0,""
41,AppendCsv,23:52:20,0.001,"Outbox/PeakGo-Detail-Result-1000M_Fact.csv",100,1,7,7,3120,3120,""
42,Filter,23:52:20,0.354,"Shop(S90..S99)",100,100,5,5,20235464,2330405,""
42,JoinKeyValue,23:52:20,0.062,"Product, Style => Inner(key_value)",100,100,5,6,2330405,2330405,""
42,AddColumn,23:52:20,0.029,"Quantity, Unit_Price => Multiply(Amount)",100,100,6,7,333747,333747,""
42,Filter,23:52:20,0.011,"Amount:Float(>100000)",100,100,7,7,333747,3276,""
42,Group_By,23:52:20,0.002,"Shop, Product => Count() Sum(Quantity) Sum(Amount)",100,1,7,5,3276,137,""
43,Read_CSV,23:52:20,0.561,"Inbox\1000M_Fact.csv",100,100,5,5,0,0,""
42,AppendCsv,23:52:20,0,"Outbox/PeakGo-Detail-Result-1000M_Fact.csv",100,1,7,7,3276,3276,""
43,Filter,23:52:20,0.325,"Shop(S90..S99)",100,100,5,5,20235451,2219460,""
43,JoinKeyValue,23:52:21,0.057,"Product, Style => Inner(key_value)",100,100,5,6,2219460,2219460,""
43,AddColumn,23:52:21,0.027,"Quantity, Unit_Price => Multiply(Amount)",100,100,6,7,317860,317860,""
43,Filter,23:52:21,0.009,"Amount:Float(>100000)",100,100,7,7,317860,3120,""
43,Group_By,23:52:21,0.003,"Shop, Product => Count() Sum(Quantity) Sum(Amount)",100,1,7,5,3120,137,""
44,Read_CSV,23:52:20,0.567,"Inbox\1000M_Fact.csv",100,100,5,5,0,0,""
43,AppendCsv,23:52:21,0.001,"Outbox/PeakGo-Detail-Result-1000M_Fact.csv",100,1,7,7,3120,3120,""
44,Filter,23:52:21,0.324,"Shop(S90..S99)",100,100,5,5,20235452,2219460,""
44,JoinKeyValue,23:52:21,0.057,"Product, Style => Inner(key_value)",100,100,5,6,2219460,2219460,""
44,AddColumn,23:52:21,0.024,"Quantity, Unit_Price => Multiply(Amount)",100,100,6,7,317860,317860,""
44,Filter,23:52:21,0.01,"Amount:Float(>100000)",100,100,7,7,317860,3120,""
44,Group_By,23:52:21,0.003,"Shop, Product => Count() Sum(Quantity) Sum(Amount)",100,1,7,5,3120,137,""
44,AppendCsv,23:52:21,0,"Outbox/PeakGo-Detail-Result-1000M_Fact.csv",100,1,7,7,3120,3120,""
45,Read_CSV,23:52:21,0.589,"Inbox\1000M_Fact.csv",100,100,5,5,0,0,""
45,Filter,23:52:21,0.337,"Shop(S90..S99)",100,100,5,5,20235446,2219460,""
45,JoinKeyValue,23:52:22,0.058,"Product, Style => Inner(key_value)",100,100,5,6,2219460,2219460,""
45,AddColumn,23:52:22,0.029,"Quantity, Unit_Price => Multiply(Amount)",100,100,6,7,317860,317860,""
45,Filter,23:52:22,0.012,"Amount:Float(>100000)",100,100,7,7,317860,3120,""
45,Group_By,23:52:22,0.003,"Shop, Product => Count() Sum(Quantity) Sum(Amount)",100,1,7,5,3120,137,""
45,AppendCsv,23:52:22,0.001,"Outbox/PeakGo-Detail-Result-1000M_Fact.csv",100,1,7,7,3120,3120,""
46,Read_CSV,23:52:21,0.572,"Inbox\1000M_Fact.csv",100,100,5,5,0,0,""
46,Filter,23:52:22,0.327,"Shop(S90..S99)",100,100,5,5,20235461,2330433,""
46,JoinKeyValue,23:52:22,0.064,"Product, Style => Inner(key_value)",100,100,5,6,2330433,2330433,""
46,AddColumn,23:52:22,0.026,"Quantity, Unit_Price => Multiply(Amount)",100,100,6,7,333753,333753,""
46,Filter,23:52:23,0.009,"Amount:Float(>100000)",100,100,7,7,333753,3276,""
46,Group_By,23:52:23,0.003,"Shop, Product => Count() Sum(Quantity) Sum(Amount)",100,1,7,5,3276,137,""
46,AppendCsv,23:52:23,0.001,"Outbox/PeakGo-Detail-Result-1000M_Fact.csv",100,1,7,7,3276,3276,""
47,Read_CSV,23:52:22,0.59,"Inbox\1000M_Fact.csv",100,100,5,5,0,0,""
47,Filter,23:52:23,0.328,"Shop(S90..S99)",100,100,5,5,20235458,2219460,""
47,JoinKeyValue,23:52:23,0.066,"Product, Style => Inner(key_value)",100,100,5,6,2219460,2219460,""
47,AddColumn,23:52:23,0.025,"Quantity, Unit_Price => Multiply(Amount)",100,100,6,7,317860,317860,""
47,Filter,23:52:23,0.013,"Amount:Float(>100000)",100,100,7,7,317860,3120,""
47,Group_By,23:52:23,0.002,"Shop, Product => Count() Sum(Quantity) Sum(Amount)",100,1,7,5,3120,137,""
47,AppendCsv,23:52:23,0.002,"Outbox/PeakGo-Detail-Result-1000M_Fact.csv",100,1,7,7,3120,3120,""
48,Read_CSV,23:52:23,0.641,"Inbox\1000M_Fact.csv",100,100,5,5,0,0,""
48,Filter,23:52:23,0.301,"Shop(S90..S99)",100,100,5,5,20235451,2219460,""
48,JoinKeyValue,23:52:24,0.067,"Product, Style => Inner(key_value)",100,100,5,6,2219460,2219460,""
48,AddColumn,23:52:24,0.026,"Quantity, Unit_Price => Multiply(Amount)",100,100,6,7,317860,317860,""
48,Filter,23:52:24,0.011,"Amount:Float(>100000)",100,100,7,7,317860,3120,""
48,Group_By,23:52:24,0.002,"Shop, Product => Count() Sum(Quantity) Sum(Amount)",100,1,7,5,3120,137,""
49,Read_CSV,23:52:23,0.451,"Inbox\1000M_Fact.csv",42,42,5,5,0,0,""
48,AppendCsv,23:52:24,0.001,"Outbox/PeakGo-Detail-Result-1000M_Fact.csv",100,1,7,7,3120,3120,""
49,Filter,23:52:24,0.159,"Shop(S90..S99)",42,42,5,5,8462762,998757,""
49,JoinKeyValue,23:52:24,0.026,"Product, Style => Inner(key_value)",42,42,5,6,998757,998757,""
49,AddColumn,23:52:24,0.015,"Quantity, Unit_Price => Multiply(Amount)",42,42,6,7,143037,143037,""
49,Filter,23:52:24,0.003,"Amount:Float(>100000)",42,42,7,7,143037,1404,""
49,Group_By,23:52:24,0,"Shop, Product => Count() Sum(Quantity) Sum(Amount)",42,1,7,5,1404,137,""
0,Final_Group_By,23:52:24,0.005,"Shop, Product => Sum(Count) Sum(Quantity) Sum(Amount)",50,1,5,5,6850,137,""
0,Write_CSV,23:52:24,0,"Outbox/Peakgo-Summary-Result-1000M_Fact.csv",1,1,5,5,137,137,""
49,AppendCsv,23:52:24,0,"Outbox/PeakGo-Detail-Result-1000M_Fact.csv",42,1,7,7,1404,1404,""
