Batch,Command,Start Time,Second,Command Setting,S Partition,E Partition,S Column,E Column,S Row,E Row,Error Message
0,Get_CSV_Partition_Address,23:50:48,0.01,"Inbox/Master.csv",0,1,0,3,0,0,""
0,Read_CSV,23:50:48,0,"Inbox/Master.csv",1,1,3,3,0,0,""
0,Filter,23:50:48,0.001,"Style(=F)",1,1,3,3,7200,900,""
0,Build_Key_Value,23:50:48,0.001,"Product, Style => Table(key_value)",1,1,3,3,900,900,""
0,Get_CSV_Partition_Address,23:50:48,0.95,"Inbox/1000M_Fact.csv",0,4942,0,5,0,0,""
0,Read_CSV,23:50:49,0.464,"Inbox/1000M_Fact.csv",100,100,5,5,0,0,""
0,Filter,23:50:49,0.598,"Shop(S90..S99)",100,100,5,5,20235466,2219460,""
0,Join_Key_Value,23:50:50,0.07,"Product, Style => Inner(key_value)",100,100,5,6,2219460,317860,""
0,Add_Column,23:50:50,0.075,"Quantity, Unit_Price => Multiply(Amount)",100,100,6,7,317860,317860,""
0,Filter,23:50:50,0.014,"Amount:Float(>100000)",100,100,7,7,317860,3120,""
0,Append_CSV,23:50:50,0,"Outbox/Peakrs-Detail-Result-1000M_Fact.csv",100,1,7,7,3120,3120,""
0,Group_By,23:50:50,0.006,"Shop, Product => Count() Sum(Quantity) Sum(Amount)",100,1,7,5,3120,137,""
1,Read_CSV,23:50:50,0.403,"Inbox/1000M_Fact.csv",100,100,5,5,0,0,""
1,Filter,23:50:50,0.604,"Shop(S90..S99)",100,100,5,5,20235448,2219460,""
1,Join_Key_Value,23:50:51,0.069,"Product, Style => Inner(key_value)",100,100,5,6,2219460,317860,""
1,Add_Column,23:50:51,0.079,"Quantity, Unit_Price => Multiply(Amount)",100,100,6,7,317860,317860,""
1,Filter,23:50:51,0.018,"Amount:Float(>100000)",100,100,7,7,317860,3120,""
1,Append_CSV,23:50:51,0,"Outbox/Peakrs-Detail-Result-1000M_Fact.csv",100,1,7,7,3120,3120,""
1,Group_By,23:50:51,0.008,"Shop, Product => Count() Sum(Quantity) Sum(Amount)",100,1,7,5,3120,137,""
2,Read_CSV,23:50:51,0.387,"Inbox/1000M_Fact.csv",100,100,5,5,0,0,""
2,Filter,23:50:52,0.638,"Shop(S90..S99)",100,100,5,5,20235448,2219460,""
2,Join_Key_Value,23:50:52,0.073,"Product, Style => Inner(key_value)",100,100,5,6,2219460,317860,""
2,Add_Column,23:50:52,0.025,"Quantity, Unit_Price => Multiply(Amount)",100,100,6,7,317860,317860,""
2,Filter,23:50:52,0.014,"Amount:Float(>100000)",100,100,7,7,317860,3120,""
2,Append_CSV,23:50:52,0,"Outbox/Peakrs-Detail-Result-1000M_Fact.csv",100,1,7,7,3120,3120,""
2,Group_By,23:50:52,0.008,"Shop, Product => Count() Sum(Quantity) Sum(Amount)",100,1,7,5,3120,137,""
3,Read_CSV,23:50:52,0.349,"Inbox/1000M_Fact.csv",100,100,5,5,0,0,""
3,Filter,23:50:53,0.628,"Shop(S90..S99)",100,100,5,5,20235452,2272247,""
3,Join_Key_Value,23:50:53,0.075,"Product, Style => Inner(key_value)",100,100,5,6,2272247,325461,""
3,Add_Column,23:50:54,0.026,"Quantity, Unit_Price => Multiply(Amount)",100,100,6,7,325461,325461,""
3,Filter,23:50:54,0.016,"Amount:Float(>100000)",100,100,7,7,325461,3195,""
3,Append_CSV,23:50:54,0,"Outbox/Peakrs-Detail-Result-1000M_Fact.csv",100,1,7,7,3195,3195,""
3,Group_By,23:50:54,0.005,"Shop, Product => Count() Sum(Quantity) Sum(Amount)",100,1,7,5,3195,137,""
4,Read_CSV,23:50:54,0.422,"Inbox/1000M_Fact.csv",100,100,5,5,0,0,""
4,Filter,23:50:54,0.669,"Shop(S90..S99)",100,100,5,5,20235465,2277646,""
4,Join_Key_Value,23:50:55,0.105,"Product, Style => Inner(key_value)",100,100,5,6,2277646,326152,""
4,Add_Column,23:50:55,0.031,"Quantity, Unit_Price => Multiply(Amount)",100,100,6,7,326152,326152,""
4,Filter,23:50:55,0.016,"Amount:Float(>100000)",100,100,7,7,326152,3201,""
4,Append_CSV,23:50:55,0,"Outbox/Peakrs-Detail-Result-1000M_Fact.csv",100,1,7,7,3201,3201,""
4,Group_By,23:50:55,0.008,"Shop, Product => Count() Sum(Quantity) Sum(Amount)",100,1,7,5,3201,137,""
5,Read_CSV,23:50:55,0.377,"Inbox/1000M_Fact.csv",100,100,5,5,0,0,""
5,Filter,23:50:55,0.593,"Shop(S90..S99)",100,100,5,5,20235449,2219460,""
5,Join_Key_Value,23:50:56,0.072,"Product, Style => Inner(key_value)",100,100,5,6,2219460,317860,""
5,Add_Column,23:50:56,0.026,"Quantity, Unit_Price => Multiply(Amount)",100,100,6,7,317860,317860,""
5,Filter,23:50:56,0.012,"Amount:Float(>100000)",100,100,7,7,317860,3120,""
5,Append_CSV,23:50:56,0,"Outbox/Peakrs-Detail-Result-1000M_Fact.csv",100,1,7,7,3120,3120,""
5,Group_By,23:50:56,0.007,"Shop, Product => Count() Sum(Quantity) Sum(Amount)",100,1,7,5,3120,137,""
6,Read_CSV,23:50:56,0.479,"Inbox/1000M_Fact.csv",100,100,5,5,0,0,""
6,Filter,23:50:57,0.824,"Shop(S90..S99)",100,100,5,5,20235448,2219460,""
6,Join_Key_Value,23:50:57,0.093,"Product, Style => Inner(key_value)",100,100,5,6,2219460,317860,""
6,Add_Column,23:50:58,0.033,"Quantity, Unit_Price => Multiply(Amount)",100,100,6,7,317860,317860,""
6,Filter,23:50:58,0.018,"Amount:Float(>100000)",100,100,7,7,317860,3120,""
6,Append_CSV,23:50:58,0,"Outbox/Peakrs-Detail-Result-1000M_Fact.csv",100,1,7,7,3120,3120,""
6,Group_By,23:50:58,0.008,"Shop, Product => Count() Sum(Quantity) Sum(Amount)",100,1,7,5,3120,137,""
7,Read_CSV,23:50:58,0.419,"Inbox/1000M_Fact.csv",100,100,5,5,0,0,""
7,Filter,23:50:58,0.566,"Shop(S90..S99)",100,100,5,5,20235452,2219460,""
7,Join_Key_Value,23:50:59,0.072,"Product, Style => Inner(key_value)",100,100,5,6,2219460,317860,""
7,Add_Column,23:50:59,0.037,"Quantity, Unit_Price => Multiply(Amount)",100,100,6,7,317860,317860,""
7,Filter,23:50:59,0.014,"Amount:Float(>100000)",100,100,7,7,317860,3120,""
7,Append_CSV,23:50:59,0,"Outbox/Peakrs-Detail-Result-1000M_Fact.csv",100,1,7,7,3120,3120,""
7,Group_By,23:50:59,0.009,"Shop, Product => Count() Sum(Quantity) Sum(Amount)",100,1,7,5,3120,137,""
8,Read_CSV,23:50:59,0.384,"Inbox/1000M_Fact.csv",100,100,5,5,0,0,""
8,Filter,23:50:59,0.621,"Shop(S90..S99)",100,100,5,5,20235462,2330433,""
8,Join_Key_Value,23:51:00,0.073,"Product, Style => Inner(key_value)",100,100,5,6,2330433,333753,""
8,Add_Column,23:51:00,0.027,"Quantity, Unit_Price => Multiply(Amount)",100,100,6,7,333753,333753,""
8,Filter,23:51:00,0.013,"Amount:Float(>100000)",100,100,7,7,333753,3276,""
8,Append_CSV,23:51:00,0,"Outbox/Peakrs-Detail-Result-1000M_Fact.csv",100,1,7,7,3276,3276,""
8,Group_By,23:51:00,0.007,"Shop, Product => Count() Sum(Quantity) Sum(Amount)",100,1,7,5,3276,137,""
9,Read_CSV,23:51:00,0.381,"Inbox/1000M_Fact.csv",100,100,5,5,0,0,""
9,Filter,23:51:00,0.61,"Shop(S90..S99)",100,100,5,5,20235452,2219460,""
9,Join_Key_Value,23:51:01,0.066,"Product, Style => Inner(key_value)",100,100,5,6,2219460,317860,""
9,Add_Column,23:51:01,0.103,"Quantity, Unit_Price => Multiply(Amount)",100,100,6,7,317860,317860,""
9,Filter,23:51:01,0.012,"Amount:Float(>100000)",100,100,7,7,317860,3120,""
9,Append_CSV,23:51:01,0,"Outbox/Peakrs-Detail-Result-1000M_Fact.csv",100,1,7,7,3120,3120,""
9,Group_By,23:51:01,0.007,"Shop, Product => Count() Sum(Quantity) Sum(Amount)",100,1,7,5,3120,137,""
10,Read_CSV,23:51:01,0.353,"Inbox/1000M_Fact.csv",100,100,5,5,0,0,""
10,Filter,23:51:02,0.636,"Shop(S90..S99)",100,100,5,5,20235454,2219460,""
10,Join_Key_Value,23:51:02,0.073,"Product, Style => Inner(key_value)",100,100,5,6,2219460,317860,""
10,Add_Column,23:51:02,0.027,"Quantity, Unit_Price => Multiply(Amount)",100,100,6,7,317860,317860,""
10,Filter,23:51:02,0.015,"Amount:Float(>100000)",100,100,7,7,317860,3120,""
10,Append_CSV,23:51:02,0,"Outbox/Peakrs-Detail-Result-1000M_Fact.csv",100,1,7,7,3120,3120,""
10,Group_By,23:51:02,0.008,"Shop, Product => Count() Sum(Quantity) Sum(Amount)",100,1,7,5,3120,137,""
11,Read_CSV,23:51:02,0.424,"Inbox/1000M_Fact.csv",100,100,5,5,0,0,""
11,Filter,23:51:03,0.617,"Shop(S90..S99)",100,100,5,5,20235446,2219460,""
11,Join_Key_Value,23:51:04,0.08,"Product, Style => Inner(key_value)",100,100,5,6,2219460,317860,""
11,Add_Column,23:51:04,0.056,"Quantity, Unit_Price => Multiply(Amount)",100,100,6,7,317860,317860,""
11,Filter,23:51:04,0.013,"Amount:Float(>100000)",100,100,7,7,317860,3120,""
11,Append_CSV,23:51:04,0,"Outbox/Peakrs-Detail-Result-1000M_Fact.csv",100,1,7,7,3120,3120,""
11,Group_By,23:51:04,0.007,"Shop, Product => Count() Sum(Quantity) Sum(Amount)",100,1,7,5,3120,137,""
12,Read_CSV,23:51:04,0.383,"Inbox/1000M_Fact.csv",100,100,5,5,0,0,""
12,Filter,23:51:04,0.597,"Shop(S90..S99)",100,100,5,5,20235459,2330433,""
12,Join_Key_Value,23:51:05,0.083,"Product, Style => Inner(key_value)",100,100,5,6,2330433,333753,""
12,Add_Column,23:51:05,0.026,"Quantity, Unit_Price => Multiply(Amount)",100,100,6,7,333753,333753,""
12,Filter,23:51:05,0.017,"Amount:Float(>100000)",100,100,7,7,333753,3276,""
12,Append_CSV,23:51:05,0,"Outbox/Peakrs-Detail-Result-1000M_Fact.csv",100,1,7,7,3276,3276,""
12,Group_By,23:51:05,0.005,"Shop, Product => Count() Sum(Quantity) Sum(Amount)",100,1,7,5,3276,137,""
13,Read_CSV,23:51:05,0.363,"Inbox/1000M_Fact.csv",100,100,5,5,0,0,""
13,Filter,23:51:05,0.61,"Shop(S90..S99)",100,100,5,5,20235458,2219460,""
13,Join_Key_Value,23:51:06,0.084,"Product, Style => Inner(key_value)",100,100,5,6,2219460,317860,""
13,Add_Column,23:51:06,0.095,"Quantity, Unit_Price => Multiply(Amount)",100,100,6,7,317860,317860,""
13,Filter,23:51:06,0.013,"Amount:Float(>100000)",100,100,7,7,317860,3120,""
13,Append_CSV,23:51:06,0,"Outbox/Peakrs-Detail-Result-1000M_Fact.csv",100,1,7,7,3120,3120,""
13,Group_By,23:51:06,0.006,"Shop, Product => Count() Sum(Quantity) Sum(Amount)",100,1,7,5,3120,137,""
14,Read_CSV,23:51:06,0.356,"Inbox/1000M_Fact.csv",100,100,5,5,0,0,""
14,Filter,23:51:06,0.604,"Shop(S90..S99)",100,100,5,5,20235451,2219460,""
14,Join_Key_Value,23:51:07,0.066,"Product, Style => Inner(key_value)",100,100,5,6,2219460,317860,""
14,Add_Column,23:51:07,0.022,"Quantity, Unit_Price => Multiply(Amount)",100,100,6,7,317860,317860,""
14,Filter,23:51:07,0.013,"Amount:Float(>100000)",100,100,7,7,317860,3120,""
14,Append_CSV,23:51:07,0,"Outbox/Peakrs-Detail-Result-1000M_Fact.csv",100,1,7,7,3120,3120,""
14,Group_By,23:51:07,0.007,"Shop, Product => Count() Sum(Quantity) Sum(Amount)",100,1,7,5,3120,137,""
15,Read_CSV,23:51:07,0.352,"Inbox/1000M_Fact.csv",100,100,5,5,0,0,""
15,Filter,23:51:08,0.603,"Shop(S90..S99)",100,100,5,5,20235450,2219460,""
15,Join_Key_Value,23:51:08,0.067,"Product, Style => Inner(key_value)",100,100,5,6,2219460,317860,""
15,Add_Column,23:51:08,0.034,"Quantity, Unit_Price => Multiply(Amount)",100,100,6,7,317860,317860,""
15,Filter,23:51:08,0.013,"Amount:Float(>100000)",100,100,7,7,317860,3120,""
15,Append_CSV,23:51:08,0,"Outbox/Peakrs-Detail-Result-1000M_Fact.csv",100,1,7,7,3120,3120,""
15,Group_By,23:51:08,0.005,"Shop, Product => Count() Sum(Quantity) Sum(Amount)",100,1,7,5,3120,137,""
16,Read_CSV,23:51:08,0.366,"Inbox/1000M_Fact.csv",100,100,5,5,0,0,""
16,Filter,23:51:09,0.61,"Shop(S90..S99)",100,100,5,5,20235453,2330433,""
16,Join_Key_Value,23:51:09,0.072,"Product, Style => Inner(key_value)",100,100,5,6,2330433,333753,""
16,Add_Column,23:51:09,0.027,"Quantity, Unit_Price => Multiply(Amount)",100,100,6,7,333753,333753,""
16,Filter,23:51:09,0.013,"Amount:Float(>100000)",100,100,7,7,333753,3276,""
16,Append_CSV,23:51:09,0,"Outbox/Peakrs-Detail-Result-1000M_Fact.csv",100,1,7,7,3276,3276,""
16,Group_By,23:51:10,0.007,"Shop, Product => Count() Sum(Quantity) Sum(Amount)",100,1,7,5,3276,137,""
17,Read_CSV,23:51:10,0.352,"Inbox/1000M_Fact.csv",100,100,5,5,0,0,""
17,Filter,23:51:10,0.612,"Shop(S90..S99)",100,100,5,5,20235467,2219460,""
17,Join_Key_Value,23:51:11,0.065,"Product, Style => Inner(key_value)",100,100,5,6,2219460,317860,""
17,Add_Column,23:51:11,0.024,"Quantity, Unit_Price => Multiply(Amount)",100,100,6,7,317860,317860,""
17,Filter,23:51:11,0.014,"Amount:Float(>100000)",100,100,7,7,317860,3120,""
17,Append_CSV,23:51:11,0,"Outbox/Peakrs-Detail-Result-1000M_Fact.csv",100,1,7,7,3120,3120,""
17,Group_By,23:51:11,0.006,"Shop, Product => Count() Sum(Quantity) Sum(Amount)",100,1,7,5,3120,137,""
18,Read_CSV,23:51:11,0.342,"Inbox/1000M_Fact.csv",100,100,5,5,0,0,""
18,Filter,23:51:11,0.631,"Shop(S90..S99)",100,100,5,5,20235449,2219460,""
18,Join_Key_Value,23:51:12,0.072,"Product, Style => Inner(key_value)",100,100,5,6,2219460,317860,""
18,Add_Column,23:51:12,0.024,"Quantity, Unit_Price => Multiply(Amount)",100,100,6,7,317860,317860,""
18,Filter,23:51:12,0.014,"Amount:Float(>100000)",100,100,7,7,317860,3120,""
18,Append_CSV,23:51:12,0,"Outbox/Peakrs-Detail-Result-1000M_Fact.csv",100,1,7,7,3120,3120,""
18,Group_By,23:51:12,0.009,"Shop, Product => Count() Sum(Quantity) Sum(Amount)",100,1,7,5,3120,137,""
19,Read_CSV,23:51:12,0.528,"Inbox/1000M_Fact.csv",100,100,5,5,0,0,""
19,Filter,23:51:12,0.628,"Shop(S90..S99)",100,100,5,5,20235447,2219460,""
19,Join_Key_Value,23:51:13,0.074,"Product, Style => Inner(key_value)",100,100,5,6,2219460,317860,""
19,Add_Column,23:51:13,0.069,"Quantity, Unit_Price => Multiply(Amount)",100,100,6,7,317860,317860,""
19,Filter,23:51:13,0.012,"Amount:Float(>100000)",100,100,7,7,317860,3120,""
19,Append_CSV,23:51:13,0,"Outbox/Peakrs-Detail-Result-1000M_Fact.csv",100,1,7,7,3120,3120,""
19,Group_By,23:51:13,0.008,"Shop, Product => Count() Sum(Quantity) Sum(Amount)",100,1,7,5,3120,137,""
20,Read_CSV,23:51:13,0.4,"Inbox/1000M_Fact.csv",100,100,5,5,0,0,""
20,Filter,23:51:14,0.613,"Shop(S90..S99)",100,100,5,5,20235453,2274962,""
20,Join_Key_Value,23:51:14,0.081,"Product, Style => Inner(key_value)",100,100,5,6,2274962,325857,""
20,Add_Column,23:51:14,0.025,"Quantity, Unit_Price => Multiply(Amount)",100,100,6,7,325857,325857,""
20,Filter,23:51:14,0.012,"Amount:Float(>100000)",100,100,7,7,325857,3198,""
20,Append_CSV,23:51:14,0,"Outbox/Peakrs-Detail-Result-1000M_Fact.csv",100,1,7,7,3198,3198,""
20,Group_By,23:51:14,0.006,"Shop, Product => Count() Sum(Quantity) Sum(Amount)",100,1,7,5,3198,137,""
21,Read_CSV,23:51:14,0.378,"Inbox/1000M_Fact.csv",100,100,5,5,0,0,""
21,Filter,23:51:15,0.607,"Shop(S90..S99)",100,100,5,5,20235464,2274931,""
21,Join_Key_Value,23:51:15,0.076,"Product, Style => Inner(key_value)",100,100,5,6,2274931,325756,""
21,Add_Column,23:51:15,0.023,"Quantity, Unit_Price => Multiply(Amount)",100,100,6,7,325756,325756,""
21,Filter,23:51:16,0.014,"Amount:Float(>100000)",100,100,7,7,325756,3198,""
21,Append_CSV,23:51:16,0,"Outbox/Peakrs-Detail-Result-1000M_Fact.csv",100,1,7,7,3198,3198,""
21,Group_By,23:51:16,0.006,"Shop, Product => Count() Sum(Quantity) Sum(Amount)",100,1,7,5,3198,137,""
22,Read_CSV,23:51:16,0.389,"Inbox/1000M_Fact.csv",100,100,5,5,0,0,""
22,Filter,23:51:16,0.563,"Shop(S90..S99)",100,100,5,5,20235449,2219460,""
22,Join_Key_Value,23:51:17,0.065,"Product, Style => Inner(key_value)",100,100,5,6,2219460,317860,""
22,Add_Column,23:51:17,0.026,"Quantity, Unit_Price => Multiply(Amount)",100,100,6,7,317860,317860,""
22,Filter,23:51:17,0.014,"Amount:Float(>100000)",100,100,7,7,317860,3120,""
22,Append_CSV,23:51:17,0,"Outbox/Peakrs-Detail-Result-1000M_Fact.csv",100,1,7,7,3120,3120,""
22,Group_By,23:51:17,0.006,"Shop, Product => Count() Sum(Quantity) Sum(Amount)",100,1,7,5,3120,137,""
23,Read_CSV,23:51:17,0.368,"Inbox/1000M_Fact.csv",100,100,5,5,0,0,""
23,Filter,23:51:17,0.62,"Shop(S90..S99)",100,100,5,5,20235447,2219460,""
23,Join_Key_Value,23:51:18,0.077,"Product, Style => Inner(key_value)",100,100,5,6,2219460,317860,""
23,Add_Column,23:51:18,0.027,"Quantity, Unit_Price => Multiply(Amount)",100,100,6,7,317860,317860,""
23,Filter,23:51:18,0.013,"Amount:Float(>100000)",100,100,7,7,317860,3120,""
23,Append_CSV,23:51:18,0.001,"Outbox/Peakrs-Detail-Result-1000M_Fact.csv",100,1,7,7,3120,3120,""
23,Group_By,23:51:18,0.008,"Shop, Product => Count() Sum(Quantity) Sum(Amount)",100,1,7,5,3120,137,""
24,Read_CSV,23:51:18,0.358,"Inbox/1000M_Fact.csv",100,100,5,5,0,0,""
24,Filter,23:51:18,0.617,"Shop(S90..S99)",100,100,5,5,20235453,2219460,""
24,Join_Key_Value,23:51:19,0.081,"Product, Style => Inner(key_value)",100,100,5,6,2219460,317860,""
24,Add_Column,23:51:19,0.024,"Quantity, Unit_Price => Multiply(Amount)",100,100,6,7,317860,317860,""
24,Filter,23:51:19,0.014,"Amount:Float(>100000)",100,100,7,7,317860,3120,""
24,Append_CSV,23:51:19,0.005,"Outbox/Peakrs-Detail-Result-1000M_Fact.csv",100,1,7,7,3120,3120,""
24,Group_By,23:51:19,0.005,"Shop, Product => Count() Sum(Quantity) Sum(Amount)",100,1,7,5,3120,137,""
25,Read_CSV,23:51:19,0.365,"Inbox/1000M_Fact.csv",100,100,5,5,0,0,""
25,Filter,23:51:19,0.624,"Shop(S90..S99)",100,100,5,5,20235462,2330433,""
25,Join_Key_Value,23:51:20,0.071,"Product, Style => Inner(key_value)",100,100,5,6,2330433,333753,""
25,Add_Column,23:51:20,0.063,"Quantity, Unit_Price => Multiply(Amount)",100,100,6,7,333753,333753,""
25,Filter,23:51:20,0.014,"Amount:Float(>100000)",100,100,7,7,333753,3276,""
25,Append_CSV,23:51:20,0,"Outbox/Peakrs-Detail-Result-1000M_Fact.csv",100,1,7,7,3276,3276,""
25,Group_By,23:51:20,0.008,"Shop, Product => Count() Sum(Quantity) Sum(Amount)",100,1,7,5,3276,137,""
26,Read_CSV,23:51:20,0.396,"Inbox/1000M_Fact.csv",100,100,5,5,0,0,""
26,Filter,23:51:21,0.608,"Shop(S90..S99)",100,100,5,5,20235452,2219460,""
26,Join_Key_Value,23:51:21,0.076,"Product, Style => Inner(key_value)",100,100,5,6,2219460,317860,""
26,Add_Column,23:51:21,0.044,"Quantity, Unit_Price => Multiply(Amount)",100,100,6,7,317860,317860,""
26,Filter,23:51:21,0.014,"Amount:Float(>100000)",100,100,7,7,317860,3120,""
26,Append_CSV,23:51:21,0,"Outbox/Peakrs-Detail-Result-1000M_Fact.csv",100,1,7,7,3120,3120,""
26,Group_By,23:51:21,0.006,"Shop, Product => Count() Sum(Quantity) Sum(Amount)",100,1,7,5,3120,137,""
27,Read_CSV,23:51:21,0.408,"Inbox/1000M_Fact.csv",100,100,5,5,0,0,""
27,Filter,23:51:22,0.595,"Shop(S90..S99)",100,100,5,5,20235454,2219460,""
27,Join_Key_Value,23:51:22,0.079,"Product, Style => Inner(key_value)",100,100,5,6,2219460,317860,""
27,Add_Column,23:51:23,0.026,"Quantity, Unit_Price => Multiply(Amount)",100,100,6,7,317860,317860,""
27,Filter,23:51:23,0.012,"Amount:Float(>100000)",100,100,7,7,317860,3120,""
27,Append_CSV,23:51:23,0,"Outbox/Peakrs-Detail-Result-1000M_Fact.csv",100,1,7,7,3120,3120,""
27,Group_By,23:51:23,0.007,"Shop, Product => Count() Sum(Quantity) Sum(Amount)",100,1,7,5,3120,137,""
28,Read_CSV,23:51:23,0.421,"Inbox/1000M_Fact.csv",100,100,5,5,0,0,""
28,Filter,23:51:23,0.612,"Shop(S90..S99)",100,100,5,5,20235446,2219460,""
28,Join_Key_Value,23:51:24,0.07,"Product, Style => Inner(key_value)",100,100,5,6,2219460,317860,""
28,Add_Column,23:51:24,0.023,"Quantity, Unit_Price => Multiply(Amount)",100,100,6,7,317860,317860,""
28,Filter,23:51:24,0.015,"Amount:Float(>100000)",100,100,7,7,317860,3120,""
28,Append_CSV,23:51:24,0,"Outbox/Peakrs-Detail-Result-1000M_Fact.csv",100,1,7,7,3120,3120,""
28,Group_By,23:51:24,0.005,"Shop, Product => Count() Sum(Quantity) Sum(Amount)",100,1,7,5,3120,137,""
29,Read_CSV,23:51:24,0.405,"Inbox/1000M_Fact.csv",100,100,5,5,0,0,""
29,Filter,23:51:24,0.588,"Shop(S90..S99)",100,100,5,5,20235459,2330433,""
29,Join_Key_Value,23:51:25,0.077,"Product, Style => Inner(key_value)",100,100,5,6,2330433,333753,""
29,Add_Column,23:51:25,0.071,"Quantity, Unit_Price => Multiply(Amount)",100,100,6,7,333753,333753,""
29,Filter,23:51:25,0.012,"Amount:Float(>100000)",100,100,7,7,333753,3276,""
29,Append_CSV,23:51:25,0,"Outbox/Peakrs-Detail-Result-1000M_Fact.csv",100,1,7,7,3276,3276,""
29,Group_By,23:51:25,0.006,"Shop, Product => Count() Sum(Quantity) Sum(Amount)",100,1,7,5,3276,137,""
30,Read_CSV,23:51:25,0.398,"Inbox/1000M_Fact.csv",100,100,5,5,0,0,""
30,Filter,23:51:25,0.591,"Shop(S90..S99)",100,100,5,5,20235458,2219460,""
30,Join_Key_Value,23:51:26,0.066,"Product, Style => Inner(key_value)",100,100,5,6,2219460,317860,""
30,Add_Column,23:51:26,0.071,"Quantity, Unit_Price => Multiply(Amount)",100,100,6,7,317860,317860,""
30,Filter,23:51:26,0.016,"Amount:Float(>100000)",100,100,7,7,317860,3120,""
30,Append_CSV,23:51:26,0,"Outbox/Peakrs-Detail-Result-1000M_Fact.csv",100,1,7,7,3120,3120,""
30,Group_By,23:51:26,0.008,"Shop, Product => Count() Sum(Quantity) Sum(Amount)",100,1,7,5,3120,137,""
31,Read_CSV,23:51:26,0.365,"Inbox/1000M_Fact.csv",100,100,5,5,0,0,""
31,Filter,23:51:27,0.608,"Shop(S90..S99)",100,100,5,5,20235451,2219460,""
31,Join_Key_Value,23:51:27,0.062,"Product, Style => Inner(key_value)",100,100,5,6,2219460,317860,""
31,Add_Column,23:51:27,0.023,"Quantity, Unit_Price => Multiply(Amount)",100,100,6,7,317860,317860,""
31,Filter,23:51:27,0.012,"Amount:Float(>100000)",100,100,7,7,317860,3120,""
31,Append_CSV,23:51:27,0,"Outbox/Peakrs-Detail-Result-1000M_Fact.csv",100,1,7,7,3120,3120,""
31,Group_By,23:51:27,0.007,"Shop, Product => Count() Sum(Quantity) Sum(Amount)",100,1,7,5,3120,137,""
32,Read_CSV,23:51:27,0.372,"Inbox/1000M_Fact.csv",100,100,5,5,0,0,""
32,Filter,23:51:28,0.605,"Shop(S90..S99)",100,100,5,5,20235450,2219460,""
32,Join_Key_Value,23:51:28,0.063,"Product, Style => Inner(key_value)",100,100,5,6,2219460,317860,""
32,Add_Column,23:51:28,0.023,"Quantity, Unit_Price => Multiply(Amount)",100,100,6,7,317860,317860,""
32,Filter,23:51:28,0.015,"Amount:Float(>100000)",100,100,7,7,317860,3120,""
32,Append_CSV,23:51:28,0,"Outbox/Peakrs-Detail-Result-1000M_Fact.csv",100,1,7,7,3120,3120,""
32,Group_By,23:51:28,0.005,"Shop, Product => Count() Sum(Quantity) Sum(Amount)",100,1,7,5,3120,137,""
33,Read_CSV,23:51:29,0.328,"Inbox/1000M_Fact.csv",100,100,5,5,0,0,""
33,Filter,23:51:29,0.607,"Shop(S90..S99)",100,100,5,5,20235453,2330433,""
33,Join_Key_Value,23:51:29,0.071,"Product, Style => Inner(key_value)",100,100,5,6,2330433,333753,""
33,Add_Column,23:51:30,0.048,"Quantity, Unit_Price => Multiply(Amount)",100,100,6,7,333753,333753,""
33,Filter,23:51:30,0.015,"Amount:Float(>100000)",100,100,7,7,333753,3276,""
33,Append_CSV,23:51:30,0,"Outbox/Peakrs-Detail-Result-1000M_Fact.csv",100,1,7,7,3276,3276,""
33,Group_By,23:51:30,0.006,"Shop, Product => Count() Sum(Quantity) Sum(Amount)",100,1,7,5,3276,137,""
34,Read_CSV,23:51:30,0.371,"Inbox/1000M_Fact.csv",100,100,5,5,0,0,""
34,Filter,23:51:30,0.602,"Shop(S90..S99)",100,100,5,5,20235466,2219460,""
34,Join_Key_Value,23:51:31,0.067,"Product, Style => Inner(key_value)",100,100,5,6,2219460,317860,""
34,Add_Column,23:51:31,0.025,"Quantity, Unit_Price => Multiply(Amount)",100,100,6,7,317860,317860,""
34,Filter,23:51:31,0.015,"Amount:Float(>100000)",100,100,7,7,317860,3120,""
34,Append_CSV,23:51:31,0,"Outbox/Peakrs-Detail-Result-1000M_Fact.csv",100,1,7,7,3120,3120,""
34,Group_By,23:51:31,0.006,"Shop, Product => Count() Sum(Quantity) Sum(Amount)",100,1,7,5,3120,137,""
35,Read_CSV,23:51:31,0.399,"Inbox/1000M_Fact.csv",100,100,5,5,0,0,""
35,Filter,23:51:31,0.599,"Shop(S90..S99)",100,100,5,5,20235449,2219460,""
35,Join_Key_Value,23:51:32,0.076,"Product, Style => Inner(key_value)",100,100,5,6,2219460,317860,""
35,Add_Column,23:51:32,0.025,"Quantity, Unit_Price => Multiply(Amount)",100,100,6,7,317860,317860,""
35,Filter,23:51:32,0.015,"Amount:Float(>100000)",100,100,7,7,317860,3120,""
35,Append_CSV,23:51:32,0,"Outbox/Peakrs-Detail-Result-1000M_Fact.csv",100,1,7,7,3120,3120,""
35,Group_By,23:51:32,0.006,"Shop, Product => Count() Sum(Quantity) Sum(Amount)",100,1,7,5,3120,137,""
36,Read_CSV,23:51:32,0.402,"Inbox/1000M_Fact.csv",100,100,5,5,0,0,""
36,Filter,23:51:32,0.598,"Shop(S90..S99)",100,100,5,5,20235447,2219460,""
36,Join_Key_Value,23:51:33,0.067,"Product, Style => Inner(key_value)",100,100,5,6,2219460,317860,""
36,Add_Column,23:51:33,0.079,"Quantity, Unit_Price => Multiply(Amount)",100,100,6,7,317860,317860,""
36,Filter,23:51:33,0.014,"Amount:Float(>100000)",100,100,7,7,317860,3120,""
36,Append_CSV,23:51:33,0,"Outbox/Peakrs-Detail-Result-1000M_Fact.csv",100,1,7,7,3120,3120,""
36,Group_By,23:51:33,0.005,"Shop, Product => Count() Sum(Quantity) Sum(Amount)",100,1,7,5,3120,137,""
37,Read_CSV,23:51:33,0.389,"Inbox/1000M_Fact.csv",100,100,5,5,0,0,""
37,Filter,23:51:34,0.6,"Shop(S90..S99)",100,100,5,5,20235454,2277676,""
37,Join_Key_Value,23:51:34,0.068,"Product, Style => Inner(key_value)",100,100,5,6,2277676,326241,""
37,Add_Column,23:51:34,0.026,"Quantity, Unit_Price => Multiply(Amount)",100,100,6,7,326241,326241,""
37,Filter,23:51:34,0.014,"Amount:Float(>100000)",100,100,7,7,326241,3203,""
37,Append_CSV,23:51:34,0,"Outbox/Peakrs-Detail-Result-1000M_Fact.csv",100,1,7,7,3203,3203,""
37,Group_By,23:51:34,0.008,"Shop, Product => Count() Sum(Quantity) Sum(Amount)",100,1,7,5,3203,137,""
38,Read_CSV,23:51:34,0.367,"Inbox/1000M_Fact.csv",100,100,5,5,0,0,""
38,Filter,23:51:35,0.604,"Shop(S90..S99)",100,100,5,5,20235465,2272217,""
38,Join_Key_Value,23:51:35,0.062,"Product, Style => Inner(key_value)",100,100,5,6,2272217,325372,""
38,Add_Column,23:51:35,0.025,"Quantity, Unit_Price => Multiply(Amount)",100,100,6,7,325372,325372,""
38,Filter,23:51:35,0.013,"Amount:Float(>100000)",100,100,7,7,325372,3193,""
38,Append_CSV,23:51:35,0,"Outbox/Peakrs-Detail-Result-1000M_Fact.csv",100,1,7,7,3193,3193,""
38,Group_By,23:51:35,0.005,"Shop, Product => Count() Sum(Quantity) Sum(Amount)",100,1,7,5,3193,137,""
39,Read_CSV,23:51:35,0.365,"Inbox/1000M_Fact.csv",100,100,5,5,0,0,""
39,Filter,23:51:36,0.615,"Shop(S90..S99)",100,100,5,5,20235448,2219460,""
39,Join_Key_Value,23:51:36,0.066,"Product, Style => Inner(key_value)",100,100,5,6,2219460,317860,""
39,Add_Column,23:51:36,0.033,"Quantity, Unit_Price => Multiply(Amount)",100,100,6,7,317860,317860,""
39,Filter,23:51:37,0.012,"Amount:Float(>100000)",100,100,7,7,317860,3120,""
39,Append_CSV,23:51:37,0,"Outbox/Peakrs-Detail-Result-1000M_Fact.csv",100,1,7,7,3120,3120,""
39,Group_By,23:51:37,0.006,"Shop, Product => Count() Sum(Quantity) Sum(Amount)",100,1,7,5,3120,137,""
40,Read_CSV,23:51:37,0.393,"Inbox/1000M_Fact.csv",100,100,5,5,0,0,""
40,Filter,23:51:37,0.6,"Shop(S90..S99)",100,100,5,5,20235447,2219460,""
40,Join_Key_Value,23:51:38,0.075,"Product, Style => Inner(key_value)",100,100,5,6,2219460,317860,""
40,Add_Column,23:51:38,0.024,"Quantity, Unit_Price => Multiply(Amount)",100,100,6,7,317860,317860,""
40,Filter,23:51:38,0.014,"Amount:Float(>100000)",100,100,7,7,317860,3120,""
40,Append_CSV,23:51:38,0,"Outbox/Peakrs-Detail-Result-1000M_Fact.csv",100,1,7,7,3120,3120,""
40,Group_By,23:51:38,0.005,"Shop, Product => Count() Sum(Quantity) Sum(Amount)",100,1,7,5,3120,137,""
41,Read_CSV,23:51:38,0.386,"Inbox/1000M_Fact.csv",100,100,5,5,0,0,""
41,Filter,23:51:38,0.591,"Shop(S90..S99)",100,100,5,5,20235452,2219488,""
41,Join_Key_Value,23:51:39,0.075,"Product, Style => Inner(key_value)",100,100,5,6,2219488,317866,""
41,Add_Column,23:51:39,0.024,"Quantity, Unit_Price => Multiply(Amount)",100,100,6,7,317866,317866,""
41,Filter,23:51:39,0.011,"Amount:Float(>100000)",100,100,7,7,317866,3120,""
41,Append_CSV,23:51:39,0,"Outbox/Peakrs-Detail-Result-1000M_Fact.csv",100,1,7,7,3120,3120,""
41,Group_By,23:51:39,0.01,"Shop, Product => Count() Sum(Quantity) Sum(Amount)",100,1,7,5,3120,137,""
42,Read_CSV,23:51:39,0.372,"Inbox/1000M_Fact.csv",100,100,5,5,0,0,""
42,Filter,23:51:39,0.598,"Shop(S90..S99)",100,100,5,5,20235464,2330405,""
42,Join_Key_Value,23:51:40,0.084,"Product, Style => Inner(key_value)",100,100,5,6,2330405,333747,""
42,Add_Column,23:51:40,0.075,"Quantity, Unit_Price => Multiply(Amount)",100,100,6,7,333747,333747,""
42,Filter,23:51:40,0.014,"Amount:Float(>100000)",100,100,7,7,333747,3276,""
42,Append_CSV,23:51:40,0,"Outbox/Peakrs-Detail-Result-1000M_Fact.csv",100,1,7,7,3276,3276,""
42,Group_By,23:51:40,0.005,"Shop, Product => Count() Sum(Quantity) Sum(Amount)",100,1,7,5,3276,137,""
43,Read_CSV,23:51:40,0.393,"Inbox/1000M_Fact.csv",100,100,5,5,0,0,""
43,Filter,23:51:40,0.607,"Shop(S90..S99)",100,100,5,5,20235451,2219460,""
43,Join_Key_Value,23:51:41,0.076,"Product, Style => Inner(key_value)",100,100,5,6,2219460,317860,""
43,Add_Column,23:51:41,0.024,"Quantity, Unit_Price => Multiply(Amount)",100,100,6,7,317860,317860,""
43,Filter,23:51:41,0.012,"Amount:Float(>100000)",100,100,7,7,317860,3120,""
43,Append_CSV,23:51:41,0,"Outbox/Peakrs-Detail-Result-1000M_Fact.csv",100,1,7,7,3120,3120,""
43,Group_By,23:51:41,0.007,"Shop, Product => Count() Sum(Quantity) Sum(Amount)",100,1,7,5,3120,137,""
44,Read_CSV,23:51:41,0.45,"Inbox/1000M_Fact.csv",100,100,5,5,0,0,""
44,Filter,23:51:42,0.61,"Shop(S90..S99)",100,100,5,5,20235452,2219460,""
44,Join_Key_Value,23:51:42,0.068,"Product, Style => Inner(key_value)",100,100,5,6,2219460,317860,""
44,Add_Column,23:51:42,0.07,"Quantity, Unit_Price => Multiply(Amount)",100,100,6,7,317860,317860,""
44,Filter,23:51:42,0.013,"Amount:Float(>100000)",100,100,7,7,317860,3120,""
44,Append_CSV,23:51:42,0,"Outbox/Peakrs-Detail-Result-1000M_Fact.csv",100,1,7,7,3120,3120,""
44,Group_By,23:51:42,0.005,"Shop, Product => Count() Sum(Quantity) Sum(Amount)",100,1,7,5,3120,137,""
45,Read_CSV,23:51:42,0.372,"Inbox/1000M_Fact.csv",100,100,5,5,0,0,""
45,Filter,23:51:43,0.607,"Shop(S90..S99)",100,100,5,5,20235446,2219460,""
45,Join_Key_Value,23:51:44,0.068,"Product, Style => Inner(key_value)",100,100,5,6,2219460,317860,""
45,Add_Column,23:51:44,0.025,"Quantity, Unit_Price => Multiply(Amount)",100,100,6,7,317860,317860,""
45,Filter,23:51:44,0.013,"Amount:Float(>100000)",100,100,7,7,317860,3120,""
45,Append_CSV,23:51:44,0,"Outbox/Peakrs-Detail-Result-1000M_Fact.csv",100,1,7,7,3120,3120,""
45,Group_By,23:51:44,0.007,"Shop, Product => Count() Sum(Quantity) Sum(Amount)",100,1,7,5,3120,137,""
46,Read_CSV,23:51:44,0.38,"Inbox/1000M_Fact.csv",100,100,5,5,0,0,""
46,Filter,23:51:44,0.607,"Shop(S90..S99)",100,100,5,5,20235461,2330433,""
46,Join_Key_Value,23:51:45,0.083,"Product, Style => Inner(key_value)",100,100,5,6,2330433,333753,""
46,Add_Column,23:51:45,0.101,"Quantity, Unit_Price => Multiply(Amount)",100,100,6,7,333753,333753,""
46,Filter,23:51:45,0.015,"Amount:Float(>100000)",100,100,7,7,333753,3276,""
46,Append_CSV,23:51:45,0,"Outbox/Peakrs-Detail-Result-1000M_Fact.csv",100,1,7,7,3276,3276,""
46,Group_By,23:51:45,0.007,"Shop, Product => Count() Sum(Quantity) Sum(Amount)",100,1,7,5,3276,137,""
47,Read_CSV,23:51:45,0.371,"Inbox/1000M_Fact.csv",100,100,5,5,0,0,""
47,Filter,23:51:45,0.632,"Shop(S90..S99)",100,100,5,5,20235458,2219460,""
47,Join_Key_Value,23:51:46,0.085,"Product, Style => Inner(key_value)",100,100,5,6,2219460,317860,""
47,Add_Column,23:51:46,0.026,"Quantity, Unit_Price => Multiply(Amount)",100,100,6,7,317860,317860,""
47,Filter,23:51:46,0.016,"Amount:Float(>100000)",100,100,7,7,317860,3120,""
47,Append_CSV,23:51:46,0,"Outbox/Peakrs-Detail-Result-1000M_Fact.csv",100,1,7,7,3120,3120,""
47,Group_By,23:51:46,0.008,"Shop, Product => Count() Sum(Quantity) Sum(Amount)",100,1,7,5,3120,137,""
48,Read_CSV,23:51:46,0.371,"Inbox/1000M_Fact.csv",100,100,5,5,0,0,""
48,Filter,23:51:46,0.605,"Shop(S90..S99)",100,100,5,5,20235451,2219460,""
48,Join_Key_Value,23:51:47,0.084,"Product, Style => Inner(key_value)",100,100,5,6,2219460,317860,""
48,Add_Column,23:51:47,0.041,"Quantity, Unit_Price => Multiply(Amount)",100,100,6,7,317860,317860,""
48,Filter,23:51:47,0.012,"Amount:Float(>100000)",100,100,7,7,317860,3120,""
48,Append_CSV,23:51:47,0,"Outbox/Peakrs-Detail-Result-1000M_Fact.csv",100,1,7,7,3120,3120,""
48,Group_By,23:51:47,0.005,"Shop, Product => Count() Sum(Quantity) Sum(Amount)",100,1,7,5,3120,137,""
49,Read_CSV,23:51:47,0.174,"Inbox/1000M_Fact.csv",42,42,5,5,0,0,""
49,Filter,23:51:47,0.27,"Shop(S90..S99)",42,42,5,5,8462762,998757,""
49,Join_Key_Value,23:51:48,0.039,"Product, Style => Inner(key_value)",42,42,5,6,998757,143037,""
49,Add_Column,23:51:48,0.013,"Quantity, Unit_Price => Multiply(Amount)",42,42,6,7,143037,143037,""
49,Filter,23:51:48,0.007,"Amount:Float(>100000)",42,42,7,7,143037,1404,""
49,Append_CSV,23:51:48,0,"Outbox/Peakrs-Detail-Result-1000M_Fact.csv",42,1,7,7,1404,1404,""
49,Group_By,23:51:48,0.005,"Shop, Product => Count() Sum(Quantity) Sum(Amount)",42,1,7,5,1404,137,""
0,Final_Group_By,23:51:48,0.004,"Shop, Product => Sum(Count) Sum(Quantity) Sum(Amount)",50,1,5,5,6850,137,""
0,Write_CSV,23:51:48,0.001,"Outbox/Peakrs-Summary-Result-1000M_Fact.csv",1,1,5,5,137,137,""
