Batch,Command,Start Time,Second,Command Setting,S Partition,E Partition,S Column,E Column,S Row,E Row,Error Message
0,Get_CSV_Partition_Address,00:18:16,0,"Inbox/Master.csv",0,1,0,3,0,0,""
0,Read_CSV,00:18:16,0,"Inbox/Master.csv",1,1,3,3,0,0,""
0,Filter,00:18:16,0.001,"Style(=F)",1,1,3,3,7200,900,""
0,Build_Key_Value,00:18:16,0.001,"Product, Style => Table(key_value)",1,1,3,3,900,900,""
0,Get_CSV_Partition_Address,00:18:16,0.015,"Inbox/100M_Fact.csv",0,495,0,5,0,0,""
0,Read_CSV,00:18:16,0.211,"Inbox/100M_Fact.csv",100,100,5,5,0,0,""
0,Filter,00:18:17,0.633,"Shop(S90..S99)",100,100,5,5,20235466,2219460,""
0,Join_Key_Value,00:18:17,0.083,"Product, Style => Inner(key_value)",100,100,5,6,2219460,317860,""
0,Add_Column,00:18:17,0.066,"Quantity, Unit_Price => Multiply(Amount)",100,100,6,7,317860,317860,""
0,Filter,00:18:17,0.016,"Amount:Float(>100000)",100,100,7,7,317860,3120,""
0,Append_CSV,00:18:18,0,"Outbox/Peakrs-Detail-Result-100M_Fact.csv",100,1,7,7,3120,3120,""
0,Group_By,00:18:18,0.008,"Shop, Product => Count() Sum(Quantity) Sum(Amount)",100,1,7,5,3120,137,""
1,Read_CSV,00:18:18,0.201,"Inbox/100M_Fact.csv",100,100,5,5,0,0,""
1,Filter,00:18:18,0.609,"Shop(S90..S99)",100,100,5,5,20235448,2219460,""
1,Join_Key_Value,00:18:18,0.068,"Product, Style => Inner(key_value)",100,100,5,6,2219460,317860,""
1,Add_Column,00:18:18,0.06,"Quantity, Unit_Price => Multiply(Amount)",100,100,6,7,317860,317860,""
1,Filter,00:18:19,0.013,"Amount:Float(>100000)",100,100,7,7,317860,3120,""
1,Append_CSV,00:18:19,0,"Outbox/Peakrs-Detail-Result-100M_Fact.csv",100,1,7,7,3120,3120,""
1,Group_By,00:18:19,0.008,"Shop, Product => Count() Sum(Quantity) Sum(Amount)",100,1,7,5,3120,137,""
2,Read_CSV,00:18:19,0.194,"Inbox/100M_Fact.csv",100,100,5,5,0,0,""
2,Filter,00:18:19,0.595,"Shop(S90..S99)",100,100,5,5,20235448,2219460,""
2,Join_Key_Value,00:18:19,0.078,"Product, Style => Inner(key_value)",100,100,5,6,2219460,317860,""
2,Add_Column,00:18:19,0.079,"Quantity, Unit_Price => Multiply(Amount)",100,100,6,7,317860,317860,""
2,Filter,00:18:20,0.015,"Amount:Float(>100000)",100,100,7,7,317860,3120,""
2,Append_CSV,00:18:20,0,"Outbox/Peakrs-Detail-Result-100M_Fact.csv",100,1,7,7,3120,3120,""
2,Group_By,00:18:20,0.008,"Shop, Product => Count() Sum(Quantity) Sum(Amount)",100,1,7,5,3120,137,""
3,Read_CSV,00:18:20,0.192,"Inbox/100M_Fact.csv",100,100,5,5,0,0,""
3,Filter,00:18:20,0.598,"Shop(S90..S99)",100,100,5,5,20235452,2272247,""
3,Join_Key_Value,00:18:20,0.084,"Product, Style => Inner(key_value)",100,100,5,6,2272247,325461,""
3,Add_Column,00:18:20,0.071,"Quantity, Unit_Price => Multiply(Amount)",100,100,6,7,325461,325461,""
3,Filter,00:18:21,0.016,"Amount:Float(>100000)",100,100,7,7,325461,3195,""
3,Append_CSV,00:18:21,0,"Outbox/Peakrs-Detail-Result-100M_Fact.csv",100,1,7,7,3195,3195,""
3,Group_By,00:18:21,0.006,"Shop, Product => Count() Sum(Quantity) Sum(Amount)",100,1,7,5,3195,137,""
4,Read_CSV,00:18:21,0.181,"Inbox/100M_Fact.csv",95,95,5,5,0,0,""
4,Filter,00:18:21,0.566,"Shop(S90..S99)",95,95,5,5,19058186,2166673,""
4,Join_Key_Value,00:18:21,0.073,"Product, Style => Inner(key_value)",95,95,5,6,2166673,310259,""
4,Add_Column,00:18:21,0.025,"Quantity, Unit_Price => Multiply(Amount)",95,95,6,7,310259,310259,""
4,Filter,00:18:21,0.016,"Amount:Float(>100000)",95,95,7,7,310259,3045,""
4,Append_CSV,00:18:21,0,"Outbox/Peakrs-Detail-Result-100M_Fact.csv",95,1,7,7,3045,3045,""
4,Group_By,00:18:21,0.007,"Shop, Product => Count() Sum(Quantity) Sum(Amount)",95,1,7,5,3045,137,""
0,Final_Group_By,00:18:21,0,"Shop, Product => Sum(Count) Sum(Quantity) Sum(Amount)",5,1,5,5,685,137,""
0,Write_CSV,00:18:21,0.001,"Outbox/Peakrs-Summary-Result-100M_Fact.csv",1,1,5,5,137,137,""
