Batch,Command,Start Time,Second,Command Setting,S Partition,E Partition,S Column,E Column,S Row,E Row,Error Message
0,GetCsvPartitionAddress,00:17:17,0.02,"Inbox/Master.csv",0,1,0,3,0,0,""
0,Read_CSV,00:17:17,0.00,"Inbox/Master.csv",1,1,3,3,0,0,""
0,Filter,00:17:17,0.01,"Style(=F)",1,1,3,3,7200,900,""
0,Build_Key_Value,00:17:17,0.00,"Product, Style => Table(key_value)",1,1,3,3,900,900,""
0,GetCsvPartitionAddress,00:17:17,0.01,"Inbox\100M_Fact.csv",0,495,0,5,0,0,""
0,Read_CSV,00:17:17,0.46,"Inbox\100M_Fact.csv",100,100,5,5,0,0,""
0,Filter,00:17:17,2.31,"Shop(S90..S99)",100,100,5,5,20235466,2219460,""
0,Join_Key_Value,00:17:19,0.24,"Product, Style => Inner(key_value)",100,100,5,6,2219460,2219460,""
0,Add_Column,00:17:20,0.11,"Quantity, Unit_Price => Multiply(Amount)",100,100,6,7,317860,317860,""
0,Filter,00:17:20,0.06,"Amount:Float(>100000)",100,100,7,7,317860,3120,""
0,Append_CSV,00:17:20,0.00,"Outbox/Peakcs-Detail-Result-100M_Fact.csv",100,1,7,7,3120,3120,""
0,GroupBy,00:17:20,0.02,"Shop, Product => Count() Sum(Quantity) Sum(Amount)",100,1,7,5,3120,137,""
1,Read_CSV,00:17:20,0.37,"Inbox\100M_Fact.csv",100,100,5,5,0,0,""
1,Filter,00:17:20,1.85,"Shop(S90..S99)",100,100,5,5,20235448,2219460,""
1,Join_Key_Value,00:17:22,0.24,"Product, Style => Inner(key_value)",100,100,5,6,2219460,2219460,""
1,Add_Column,00:17:22,0.09,"Quantity, Unit_Price => Multiply(Amount)",100,100,6,7,317860,317860,""
1,Filter,00:17:22,0.06,"Amount:Float(>100000)",100,100,7,7,317860,3120,""
1,Append_CSV,00:17:22,0.00,"Outbox/Peakcs-Detail-Result-100M_Fact.csv",100,1,7,7,3120,3120,""
1,GroupBy,00:17:22,0.01,"Shop, Product => Count() Sum(Quantity) Sum(Amount)",100,1,7,5,3120,137,""
2,Read_CSV,00:17:22,0.42,"Inbox\100M_Fact.csv",100,100,5,5,0,0,""
2,Filter,00:17:23,1.87,"Shop(S90..S99)",100,100,5,5,20235448,2219460,""
2,Join_Key_Value,00:17:25,0.23,"Product, Style => Inner(key_value)",100,100,5,6,2219460,2219460,""
2,Add_Column,00:17:25,0.09,"Quantity, Unit_Price => Multiply(Amount)",100,100,6,7,317860,317860,""
2,Filter,00:17:25,0.06,"Amount:Float(>100000)",100,100,7,7,317860,3120,""
2,Append_CSV,00:17:25,0.00,"Outbox/Peakcs-Detail-Result-100M_Fact.csv",100,1,7,7,3120,3120,""
2,GroupBy,00:17:25,0.01,"Shop, Product => Count() Sum(Quantity) Sum(Amount)",100,1,7,5,3120,137,""
3,Read_CSV,00:17:25,0.33,"Inbox\100M_Fact.csv",100,100,5,5,0,0,""
3,Filter,00:17:25,1.97,"Shop(S90..S99)",100,100,5,5,20235452,2272247,""
3,Join_Key_Value,00:17:27,0.26,"Product, Style => Inner(key_value)",100,100,5,6,2272247,2272247,""
3,Add_Column,00:17:28,0.09,"Quantity, Unit_Price => Multiply(Amount)",100,100,6,7,325461,325461,""
3,Filter,00:17:28,0.06,"Amount:Float(>100000)",100,100,7,7,325461,3195,""
3,Append_CSV,00:17:28,0.00,"Outbox/Peakcs-Detail-Result-100M_Fact.csv",100,1,7,7,3195,3195,""
3,GroupBy,00:17:28,0.01,"Shop, Product => Count() Sum(Quantity) Sum(Amount)",100,1,7,5,3195,137,""
4,Read_CSV,00:17:28,0.21,"Inbox\100M_Fact.csv",95,95,5,5,0,0,""
4,Filter,00:17:28,2.08,"Shop(S90..S99)",95,95,5,5,19058186,2166673,""
4,Join_Key_Value,00:17:30,0.23,"Product, Style => Inner(key_value)",95,95,5,6,2166673,2166673,""
4,Add_Column,00:17:30,0.09,"Quantity, Unit_Price => Multiply(Amount)",95,95,6,7,310259,310259,""
4,Filter,00:17:30,0.05,"Amount:Float(>100000)",95,95,7,7,310259,3045,""
4,Append_CSV,00:17:30,0.00,"Outbox/Peakcs-Detail-Result-100M_Fact.csv",95,1,7,7,3045,3045,""
4,GroupBy,00:17:30,0.01,"Shop, Product => Count() Sum(Quantity) Sum(Amount)",95,1,7,5,3045,137,""
0,Final_Group_By,00:17:31,0.00,"Shop, Product => Sum(Count) Sum(Quantity) Sum(Amount)",1,1,5,5,137,137,""
0,Write_CSV,00:17:31,0.00,"Outbox/Peakcs-Summary-Result-100M_Fact.csv",1,1,5,5,137,137,""
