Batch,Command,Start Time,Second,Command Setting,S Partition,E Partition,S Column,E Column,S Row,E Row,Error Message
0,GetCsvPartitionAddress,00:12:04,0.002,"Inbox/Master.csv",0,1,0,3,0,0,""
0,Read_CSV,00:12:04,0,"Inbox/Master.csv",1,1,3,3,0,0,""
0,Filter,00:12:04,0.001,"Style(=F)",1,1,3,3,7200,900,""
0,Build_Key_Value,00:12:04,0.001,"Product, Style => Table(key_value)",1,1,3,3,900,900,""
0,GetCsvPartitionAddress,00:12:04,3.044,"Inbox\1000M_Fact.csv",0,4942,0,5,0,0,""
0,GetCsvPartitionAddress,00:12:07,3.068,"Inbox\1000M_Fact.csv",0,4942,0,5,0,0,""
0,Read_CSV,00:12:10,0.84,"Inbox\1000M_Fact.csv",100,100,5,5,0,0,""
0,Filter,00:12:11,0.779,"Shop(S90..S99)",100,100,5,5,20235466,2219460,""
0,JoinKeyValue,00:12:12,0.127,"Product, Style => Inner(key_value)",100,100,5,6,2219460,2219460,""
0,AddColumn,00:12:12,0.024,"Quantity, Unit_Price => Multiply(Amount)",100,100,6,7,317860,317860,""
0,Filter,00:12:12,0.011,"Amount:Float(>100000)",100,100,7,7,317860,3120,""
0,AppendCsv,00:12:12,0,"Outbox/PeakGo-Detail-Result-1000M_Fact.csv",100,1,7,7,3120,3120,""
0,Group_By,00:12:12,0,"Shop, Product => Count() Sum(Quantity) Sum(Amount)",100,1,7,5,3120,137,""
1,Read_CSV,00:12:11,1.024,"Inbox\1000M_Fact.csv",100,100,5,5,0,0,""
1,Filter,00:12:12,0.397,"Shop(S90..S99)",100,100,5,5,20235448,2219460,""
1,JoinKeyValue,00:12:12,0.067,"Product, Style => Inner(key_value)",100,100,5,6,2219460,2219460,""
1,AddColumn,00:12:12,0.052,"Quantity, Unit_Price => Multiply(Amount)",100,100,6,7,317860,317860,""
1,Filter,00:12:13,0.01,"Amount:Float(>100000)",100,100,7,7,317860,3120,""
1,Group_By,00:12:13,0.003,"Shop, Product => Count() Sum(Quantity) Sum(Amount)",100,1,7,5,3120,137,""
2,Read_CSV,00:12:12,0.626,"Inbox\1000M_Fact.csv",100,100,5,5,0,0,""
1,AppendCsv,00:12:13,0,"Outbox/PeakGo-Detail-Result-1000M_Fact.csv",100,1,7,7,3120,3120,""
3,Read_CSV,00:12:13,0.501,"Inbox\1000M_Fact.csv",100,100,5,5,0,0,""
2,Filter,00:12:13,0.469,"Shop(S90..S99)",100,100,5,5,20235448,2219460,""
2,JoinKeyValue,00:12:13,0.058,"Product, Style => Inner(key_value)",100,100,5,6,2219460,2219460,""
2,AddColumn,00:12:13,0.027,"Quantity, Unit_Price => Multiply(Amount)",100,100,6,7,317860,317860,""
2,Filter,00:12:13,0.01,"Amount:Float(>100000)",100,100,7,7,317860,3120,""
2,Group_By,00:12:13,0.003,"Shop, Product => Count() Sum(Quantity) Sum(Amount)",100,1,7,5,3120,137,""
2,AppendCsv,00:12:13,0,"Outbox/PeakGo-Detail-Result-1000M_Fact.csv",100,1,7,7,3120,3120,""
3,Filter,00:12:13,0.394,"Shop(S90..S99)",100,100,5,5,20235452,2272247,""
4,Read_CSV,00:12:13,0.623,"Inbox\1000M_Fact.csv",100,100,5,5,0,0,""
3,JoinKeyValue,00:12:14,0.061,"Product, Style => Inner(key_value)",100,100,5,6,2272247,2272247,""
3,AddColumn,00:12:14,0.025,"Quantity, Unit_Price => Multiply(Amount)",100,100,6,7,325461,325461,""
3,Filter,00:12:14,0.01,"Amount:Float(>100000)",100,100,7,7,325461,3195,""
3,Group_By,00:12:14,0.002,"Shop, Product => Count() Sum(Quantity) Sum(Amount)",100,1,7,5,3195,137,""
3,AppendCsv,00:12:14,0,"Outbox/PeakGo-Detail-Result-1000M_Fact.csv",100,1,7,7,3195,3195,""
4,Filter,00:12:14,0.324,"Shop(S90..S99)",100,100,5,5,20235465,2277646,""
4,JoinKeyValue,00:12:14,0.058,"Product, Style => Inner(key_value)",100,100,5,6,2277646,2277646,""
4,AddColumn,00:12:14,0.03,"Quantity, Unit_Price => Multiply(Amount)",100,100,6,7,326152,326152,""
4,Filter,00:12:14,0.01,"Amount:Float(>100000)",100,100,7,7,326152,3201,""
4,Group_By,00:12:14,0.002,"Shop, Product => Count() Sum(Quantity) Sum(Amount)",100,1,7,5,3201,137,""
5,Read_CSV,00:12:14,0.512,"Inbox\1000M_Fact.csv",100,100,5,5,0,0,""
4,AppendCsv,00:12:14,0.001,"Outbox/PeakGo-Detail-Result-1000M_Fact.csv",100,1,7,7,3201,3201,""
5,Filter,00:12:14,0.322,"Shop(S90..S99)",100,100,5,5,20235449,2219460,""
5,JoinKeyValue,00:12:15,0.062,"Product, Style => Inner(key_value)",100,100,5,6,2219460,2219460,""
6,Read_CSV,00:12:14,0.455,"Inbox\1000M_Fact.csv",100,100,5,5,0,0,""
5,AddColumn,00:12:15,0.023,"Quantity, Unit_Price => Multiply(Amount)",100,100,6,7,317860,317860,""
5,Filter,00:12:15,0.01,"Amount:Float(>100000)",100,100,7,7,317860,3120,""
5,Group_By,00:12:15,0.003,"Shop, Product => Count() Sum(Quantity) Sum(Amount)",100,1,7,5,3120,137,""
5,AppendCsv,00:12:15,0,"Outbox/PeakGo-Detail-Result-1000M_Fact.csv",100,1,7,7,3120,3120,""
6,Filter,00:12:15,0.321,"Shop(S90..S99)",100,100,5,5,20235448,2219460,""
6,JoinKeyValue,00:12:15,0.055,"Product, Style => Inner(key_value)",100,100,5,6,2219460,2219460,""
6,AddColumn,00:12:15,0.023,"Quantity, Unit_Price => Multiply(Amount)",100,100,6,7,317860,317860,""
6,Filter,00:12:15,0.009,"Amount:Float(>100000)",100,100,7,7,317860,3120,""
6,Group_By,00:12:15,0.002,"Shop, Product => Count() Sum(Quantity) Sum(Amount)",100,1,7,5,3120,137,""
6,AppendCsv,00:12:15,0,"Outbox/PeakGo-Detail-Result-1000M_Fact.csv",100,1,7,7,3120,3120,""
7,Read_CSV,00:12:15,0.559,"Inbox\1000M_Fact.csv",100,100,5,5,0,0,""
7,Filter,00:12:15,0.323,"Shop(S90..S99)",100,100,5,5,20235452,2219460,""
8,Read_CSV,00:12:15,0.468,"Inbox\1000M_Fact.csv",100,100,5,5,0,0,""
7,JoinKeyValue,00:12:16,0.063,"Product, Style => Inner(key_value)",100,100,5,6,2219460,2219460,""
7,AddColumn,00:12:16,0.025,"Quantity, Unit_Price => Multiply(Amount)",100,100,6,7,317860,317860,""
7,Filter,00:12:16,0.009,"Amount:Float(>100000)",100,100,7,7,317860,3120,""
7,Group_By,00:12:16,0.003,"Shop, Product => Count() Sum(Quantity) Sum(Amount)",100,1,7,5,3120,137,""
7,AppendCsv,00:12:16,0.001,"Outbox/PeakGo-Detail-Result-1000M_Fact.csv",100,1,7,7,3120,3120,""
8,Filter,00:12:16,0.339,"Shop(S90..S99)",100,100,5,5,20235462,2330433,""
8,JoinKeyValue,00:12:16,0.066,"Product, Style => Inner(key_value)",100,100,5,6,2330433,2330433,""
8,AddColumn,00:12:16,0.027,"Quantity, Unit_Price => Multiply(Amount)",100,100,6,7,333753,333753,""
9,Read_CSV,00:12:16,0.475,"Inbox\1000M_Fact.csv",100,100,5,5,0,0,""
8,Filter,00:12:16,0.009,"Amount:Float(>100000)",100,100,7,7,333753,3276,""
8,Group_By,00:12:16,0.002,"Shop, Product => Count() Sum(Quantity) Sum(Amount)",100,1,7,5,3276,137,""
8,AppendCsv,00:12:16,0,"Outbox/PeakGo-Detail-Result-1000M_Fact.csv",100,1,7,7,3276,3276,""
9,Filter,00:12:16,0.354,"Shop(S90..S99)",100,100,5,5,20235452,2219460,""
9,JoinKeyValue,00:12:16,0.058,"Product, Style => Inner(key_value)",100,100,5,6,2219460,2219460,""
10,Read_CSV,00:12:16,0.423,"Inbox\1000M_Fact.csv",100,100,5,5,0,0,""
9,AddColumn,00:12:17,0.021,"Quantity, Unit_Price => Multiply(Amount)",100,100,6,7,317860,317860,""
9,Filter,00:12:17,0.01,"Amount:Float(>100000)",100,100,7,7,317860,3120,""
9,Group_By,00:12:17,0.003,"Shop, Product => Count() Sum(Quantity) Sum(Amount)",100,1,7,5,3120,137,""
9,AppendCsv,00:12:17,0,"Outbox/PeakGo-Detail-Result-1000M_Fact.csv",100,1,7,7,3120,3120,""
10,Filter,00:12:17,0.328,"Shop(S90..S99)",100,100,5,5,20235454,2219460,""
10,JoinKeyValue,00:12:17,0.065,"Product, Style => Inner(key_value)",100,100,5,6,2219460,2219460,""
11,Read_CSV,00:12:17,0.447,"Inbox\1000M_Fact.csv",100,100,5,5,0,0,""
10,AddColumn,00:12:17,0.023,"Quantity, Unit_Price => Multiply(Amount)",100,100,6,7,317860,317860,""
10,Filter,00:12:17,0.01,"Amount:Float(>100000)",100,100,7,7,317860,3120,""
10,Group_By,00:12:17,0.002,"Shop, Product => Count() Sum(Quantity) Sum(Amount)",100,1,7,5,3120,137,""
10,AppendCsv,00:12:17,0.208,"Outbox/PeakGo-Detail-Result-1000M_Fact.csv",100,1,7,7,3120,3120,""
11,Filter,00:12:17,0.373,"Shop(S90..S99)",100,100,5,5,20235446,2219460,""
12,Read_CSV,00:12:17,0.396,"Inbox\1000M_Fact.csv",100,100,5,5,0,0,""
11,JoinKeyValue,00:12:17,0.059,"Product, Style => Inner(key_value)",100,100,5,6,2219460,2219460,""
11,AddColumn,00:12:17,0.024,"Quantity, Unit_Price => Multiply(Amount)",100,100,6,7,317860,317860,""
11,Filter,00:12:17,0.011,"Amount:Float(>100000)",100,100,7,7,317860,3120,""
11,Group_By,00:12:17,0.002,"Shop, Product => Count() Sum(Quantity) Sum(Amount)",100,1,7,5,3120,137,""
11,AppendCsv,00:12:18,0,"Outbox/PeakGo-Detail-Result-1000M_Fact.csv",100,1,7,7,3120,3120,""
12,Filter,00:12:17,0.353,"Shop(S90..S99)",100,100,5,5,20235459,2330433,""
12,JoinKeyValue,00:12:18,0.069,"Product, Style => Inner(key_value)",100,100,5,6,2330433,2330433,""
13,Read_CSV,00:12:17,0.532,"Inbox\1000M_Fact.csv",100,100,5,5,0,0,""
12,AddColumn,00:12:18,0.026,"Quantity, Unit_Price => Multiply(Amount)",100,100,6,7,333753,333753,""
12,Filter,00:12:18,0.009,"Amount:Float(>100000)",100,100,7,7,333753,3276,""
12,Group_By,00:12:18,0.003,"Shop, Product => Count() Sum(Quantity) Sum(Amount)",100,1,7,5,3276,137,""
12,AppendCsv,00:12:18,0.001,"Outbox/PeakGo-Detail-Result-1000M_Fact.csv",100,1,7,7,3276,3276,""
13,Filter,00:12:18,0.35,"Shop(S90..S99)",100,100,5,5,20235458,2219460,""
14,Read_CSV,00:12:18,0.432,"Inbox\1000M_Fact.csv",100,100,5,5,0,0,""
13,JoinKeyValue,00:12:18,0.066,"Product, Style => Inner(key_value)",100,100,5,6,2219460,2219460,""
13,AddColumn,00:12:18,0.025,"Quantity, Unit_Price => Multiply(Amount)",100,100,6,7,317860,317860,""
13,Filter,00:12:18,0.01,"Amount:Float(>100000)",100,100,7,7,317860,3120,""
13,Group_By,00:12:18,0.003,"Shop, Product => Count() Sum(Quantity) Sum(Amount)",100,1,7,5,3120,137,""
13,AppendCsv,00:12:18,0.016,"Outbox/PeakGo-Detail-Result-1000M_Fact.csv",100,1,7,7,3120,3120,""
15,Read_CSV,00:12:18,0.373,"Inbox\1000M_Fact.csv",100,100,5,5,0,0,""
14,Filter,00:12:18,0.327,"Shop(S90..S99)",100,100,5,5,20235451,2219460,""
14,JoinKeyValue,00:12:19,0.069,"Product, Style => Inner(key_value)",100,100,5,6,2219460,2219460,""
14,AddColumn,00:12:19,0.026,"Quantity, Unit_Price => Multiply(Amount)",100,100,6,7,317860,317860,""
14,Filter,00:12:19,0.009,"Amount:Float(>100000)",100,100,7,7,317860,3120,""
14,Group_By,00:12:19,0.002,"Shop, Product => Count() Sum(Quantity) Sum(Amount)",100,1,7,5,3120,137,""
14,AppendCsv,00:12:19,0.001,"Outbox/PeakGo-Detail-Result-1000M_Fact.csv",100,1,7,7,3120,3120,""
15,Filter,00:12:19,0.319,"Shop(S90..S99)",100,100,5,5,20235450,2219460,""
16,Read_CSV,00:12:19,0.473,"Inbox\1000M_Fact.csv",100,100,5,5,0,0,""
15,JoinKeyValue,00:12:19,0.075,"Product, Style => Inner(key_value)",100,100,5,6,2219460,2219460,""
15,AddColumn,00:12:19,0.028,"Quantity, Unit_Price => Multiply(Amount)",100,100,6,7,317860,317860,""
15,Filter,00:12:19,0.008,"Amount:Float(>100000)",100,100,7,7,317860,3120,""
15,Group_By,00:12:19,0.003,"Shop, Product => Count() Sum(Quantity) Sum(Amount)",100,1,7,5,3120,137,""
15,AppendCsv,00:12:19,0.005,"Outbox/PeakGo-Detail-Result-1000M_Fact.csv",100,1,7,7,3120,3120,""
16,Filter,00:12:19,0.309,"Shop(S90..S99)",100,100,5,5,20235453,2330433,""
16,JoinKeyValue,00:12:20,0.064,"Product, Style => Inner(key_value)",100,100,5,6,2330433,2330433,""
16,AddColumn,00:12:20,0.023,"Quantity, Unit_Price => Multiply(Amount)",100,100,6,7,333753,333753,""
16,Filter,00:12:20,0.009,"Amount:Float(>100000)",100,100,7,7,333753,3276,""
16,Group_By,00:12:20,0.004,"Shop, Product => Count() Sum(Quantity) Sum(Amount)",100,1,7,5,3276,137,""
17,Read_CSV,00:12:19,0.517,"Inbox\1000M_Fact.csv",100,100,5,5,0,0,""
16,AppendCsv,00:12:20,0.001,"Outbox/PeakGo-Detail-Result-1000M_Fact.csv",100,1,7,7,3276,3276,""
17,Filter,00:12:20,0.299,"Shop(S90..S99)",100,100,5,5,20235467,2219460,""
18,Read_CSV,00:12:20,0.421,"Inbox\1000M_Fact.csv",100,100,5,5,0,0,""
17,JoinKeyValue,00:12:20,0.059,"Product, Style => Inner(key_value)",100,100,5,6,2219460,2219460,""
17,AddColumn,00:12:20,0.028,"Quantity, Unit_Price => Multiply(Amount)",100,100,6,7,317860,317860,""
17,Filter,00:12:20,0.011,"Amount:Float(>100000)",100,100,7,7,317860,3120,""
17,Group_By,00:12:20,0.004,"Shop, Product => Count() Sum(Quantity) Sum(Amount)",100,1,7,5,3120,137,""
17,AppendCsv,00:12:20,0,"Outbox/PeakGo-Detail-Result-1000M_Fact.csv",100,1,7,7,3120,3120,""
18,Filter,00:12:20,0.346,"Shop(S90..S99)",100,100,5,5,20235449,2219460,""
18,JoinKeyValue,00:12:21,0.062,"Product, Style => Inner(key_value)",100,100,5,6,2219460,2219460,""
19,Read_CSV,00:12:20,0.462,"Inbox\1000M_Fact.csv",100,100,5,5,0,0,""
18,AddColumn,00:12:21,0.028,"Quantity, Unit_Price => Multiply(Amount)",100,100,6,7,317860,317860,""
18,Filter,00:12:21,0.008,"Amount:Float(>100000)",100,100,7,7,317860,3120,""
18,Group_By,00:12:21,0.003,"Shop, Product => Count() Sum(Quantity) Sum(Amount)",100,1,7,5,3120,137,""
18,AppendCsv,00:12:21,0.001,"Outbox/PeakGo-Detail-Result-1000M_Fact.csv",100,1,7,7,3120,3120,""
20,Read_CSV,00:12:21,0.347,"Inbox\1000M_Fact.csv",100,100,5,5,0,0,""
19,Filter,00:12:21,0.328,"Shop(S90..S99)",100,100,5,5,20235447,2219460,""
19,JoinKeyValue,00:12:21,0.067,"Product, Style => Inner(key_value)",100,100,5,6,2219460,2219460,""
19,AddColumn,00:12:21,0.025,"Quantity, Unit_Price => Multiply(Amount)",100,100,6,7,317860,317860,""
19,Filter,00:12:21,0.011,"Amount:Float(>100000)",100,100,7,7,317860,3120,""
19,Group_By,00:12:21,0.003,"Shop, Product => Count() Sum(Quantity) Sum(Amount)",100,1,7,5,3120,137,""
19,AppendCsv,00:12:21,0.004,"Outbox/PeakGo-Detail-Result-1000M_Fact.csv",100,1,7,7,3120,3120,""
21,Read_CSV,00:12:21,0.4,"Inbox\1000M_Fact.csv",100,100,5,5,0,0,""
20,Filter,00:12:21,0.344,"Shop(S90..S99)",100,100,5,5,20235453,2274962,""
20,JoinKeyValue,00:12:21,0.063,"Product, Style => Inner(key_value)",100,100,5,6,2274962,2274962,""
20,AddColumn,00:12:21,0.026,"Quantity, Unit_Price => Multiply(Amount)",100,100,6,7,325857,325857,""
20,Filter,00:12:22,0.01,"Amount:Float(>100000)",100,100,7,7,325857,3198,""
20,Group_By,00:12:22,0.003,"Shop, Product => Count() Sum(Quantity) Sum(Amount)",100,1,7,5,3198,137,""
20,AppendCsv,00:12:22,0.003,"Outbox/PeakGo-Detail-Result-1000M_Fact.csv",100,1,7,7,3198,3198,""
22,Read_CSV,00:12:21,0.462,"Inbox\1000M_Fact.csv",100,100,5,5,0,0,""
21,Filter,00:12:22,0.341,"Shop(S90..S99)",100,100,5,5,20235464,2274931,""
21,JoinKeyValue,00:12:22,0.058,"Product, Style => Inner(key_value)",100,100,5,6,2274931,2274931,""
21,AddColumn,00:12:22,0.024,"Quantity, Unit_Price => Multiply(Amount)",100,100,6,7,325756,325756,""
21,Filter,00:12:22,0.01,"Amount:Float(>100000)",100,100,7,7,325756,3198,""
21,Group_By,00:12:22,0.002,"Shop, Product => Count() Sum(Quantity) Sum(Amount)",100,1,7,5,3198,137,""
21,AppendCsv,00:12:22,0.168,"Outbox/PeakGo-Detail-Result-1000M_Fact.csv",100,1,7,7,3198,3198,""
22,Filter,00:12:22,0.334,"Shop(S90..S99)",100,100,5,5,20235449,2219460,""
22,JoinKeyValue,00:12:22,0.062,"Product, Style => Inner(key_value)",100,100,5,6,2219460,2219460,""
22,AddColumn,00:12:22,0.026,"Quantity, Unit_Price => Multiply(Amount)",100,100,6,7,317860,317860,""
22,Filter,00:12:22,0.007,"Amount:Float(>100000)",100,100,7,7,317860,3120,""
22,Group_By,00:12:22,0.006,"Shop, Product => Count() Sum(Quantity) Sum(Amount)",100,1,7,5,3120,137,""
23,Read_CSV,00:12:22,0.649,"Inbox\1000M_Fact.csv",100,100,5,5,0,0,""
22,AppendCsv,00:12:22,0,"Outbox/PeakGo-Detail-Result-1000M_Fact.csv",100,1,7,7,3120,3120,""
23,Filter,00:12:23,0.305,"Shop(S90..S99)",100,100,5,5,20235447,2219460,""
23,JoinKeyValue,00:12:23,0.058,"Product, Style => Inner(key_value)",100,100,5,6,2219460,2219460,""
23,AddColumn,00:12:23,0.028,"Quantity, Unit_Price => Multiply(Amount)",100,100,6,7,317860,317860,""
23,Filter,00:12:23,0.01,"Amount:Float(>100000)",100,100,7,7,317860,3120,""
23,Group_By,00:12:23,0.004,"Shop, Product => Count() Sum(Quantity) Sum(Amount)",100,1,7,5,3120,137,""
23,AppendCsv,00:12:23,0.001,"Outbox/PeakGo-Detail-Result-1000M_Fact.csv",100,1,7,7,3120,3120,""
24,Read_CSV,00:12:22,0.524,"Inbox\1000M_Fact.csv",100,100,5,5,0,0,""
24,Filter,00:12:23,0.344,"Shop(S90..S99)",100,100,5,5,20235453,2219460,""
25,Read_CSV,00:12:23,0.43,"Inbox\1000M_Fact.csv",100,100,5,5,0,0,""
24,JoinKeyValue,00:12:23,0.06,"Product, Style => Inner(key_value)",100,100,5,6,2219460,2219460,""
24,AddColumn,00:12:23,0.026,"Quantity, Unit_Price => Multiply(Amount)",100,100,6,7,317860,317860,""
24,Filter,00:12:23,0.01,"Amount:Float(>100000)",100,100,7,7,317860,3120,""
24,Group_By,00:12:23,0.002,"Shop, Product => Count() Sum(Quantity) Sum(Amount)",100,1,7,5,3120,137,""
24,AppendCsv,00:12:24,0.001,"Outbox/PeakGo-Detail-Result-1000M_Fact.csv",100,1,7,7,3120,3120,""
25,Filter,00:12:23,0.325,"Shop(S90..S99)",100,100,5,5,20235462,2330433,""
26,Read_CSV,00:12:23,0.398,"Inbox\1000M_Fact.csv",100,100,5,5,0,0,""
25,JoinKeyValue,00:12:24,0.065,"Product, Style => Inner(key_value)",100,100,5,6,2330433,2330433,""
25,AddColumn,00:12:24,0.025,"Quantity, Unit_Price => Multiply(Amount)",100,100,6,7,333753,333753,""
25,Filter,00:12:24,0.009,"Amount:Float(>100000)",100,100,7,7,333753,3276,""
25,Group_By,00:12:24,0.002,"Shop, Product => Count() Sum(Quantity) Sum(Amount)",100,1,7,5,3276,137,""
25,AppendCsv,00:12:24,0,"Outbox/PeakGo-Detail-Result-1000M_Fact.csv",100,1,7,7,3276,3276,""
27,Read_CSV,00:12:24,0.345,"Inbox\1000M_Fact.csv",100,100,5,5,0,0,""
26,Filter,00:12:24,0.339,"Shop(S90..S99)",100,100,5,5,20235452,2219460,""
26,JoinKeyValue,00:12:24,0.076,"Product, Style => Inner(key_value)",100,100,5,6,2219460,2219460,""
26,AddColumn,00:12:24,0.02,"Quantity, Unit_Price => Multiply(Amount)",100,100,6,7,317860,317860,""
26,Filter,00:12:24,0.009,"Amount:Float(>100000)",100,100,7,7,317860,3120,""
26,Group_By,00:12:24,0.003,"Shop, Product => Count() Sum(Quantity) Sum(Amount)",100,1,7,5,3120,137,""
26,AppendCsv,00:12:24,0,"Outbox/PeakGo-Detail-Result-1000M_Fact.csv",100,1,7,7,3120,3120,""
27,Filter,00:12:24,0.321,"Shop(S90..S99)",100,100,5,5,20235454,2219460,""
27,JoinKeyValue,00:12:25,0.059,"Product, Style => Inner(key_value)",100,100,5,6,2219460,2219460,""
28,Read_CSV,00:12:24,0.56,"Inbox\1000M_Fact.csv",100,100,5,5,0,0,""
27,AddColumn,00:12:25,0.026,"Quantity, Unit_Price => Multiply(Amount)",100,100,6,7,317860,317860,""
27,Filter,00:12:25,0.01,"Amount:Float(>100000)",100,100,7,7,317860,3120,""
27,Group_By,00:12:25,0.002,"Shop, Product => Count() Sum(Quantity) Sum(Amount)",100,1,7,5,3120,137,""
27,AppendCsv,00:12:25,0,"Outbox/PeakGo-Detail-Result-1000M_Fact.csv",100,1,7,7,3120,3120,""
28,Filter,00:12:25,0.321,"Shop(S90..S99)",100,100,5,5,20235446,2219460,""
28,JoinKeyValue,00:12:25,0.061,"Product, Style => Inner(key_value)",100,100,5,6,2219460,2219460,""
28,AddColumn,00:12:25,0.029,"Quantity, Unit_Price => Multiply(Amount)",100,100,6,7,317860,317860,""
28,Filter,00:12:25,0.012,"Amount:Float(>100000)",100,100,7,7,317860,3120,""
28,Group_By,00:12:25,0.003,"Shop, Product => Count() Sum(Quantity) Sum(Amount)",100,1,7,5,3120,137,""
28,AppendCsv,00:12:25,0.001,"Outbox/PeakGo-Detail-Result-1000M_Fact.csv",100,1,7,7,3120,3120,""
29,Read_CSV,00:12:25,0.59,"Inbox\1000M_Fact.csv",100,100,5,5,0,0,""
29,Filter,00:12:25,0.303,"Shop(S90..S99)",100,100,5,5,20235459,2330433,""
29,JoinKeyValue,00:12:26,0.062,"Product, Style => Inner(key_value)",100,100,5,6,2330433,2330433,""
30,Read_CSV,00:12:25,0.477,"Inbox\1000M_Fact.csv",100,100,5,5,0,0,""
29,AddColumn,00:12:26,0.024,"Quantity, Unit_Price => Multiply(Amount)",100,100,6,7,333753,333753,""
29,Filter,00:12:26,0.011,"Amount:Float(>100000)",100,100,7,7,333753,3276,""
29,Group_By,00:12:26,0.002,"Shop, Product => Count() Sum(Quantity) Sum(Amount)",100,1,7,5,3276,137,""
29,AppendCsv,00:12:26,0.173,"Outbox/PeakGo-Detail-Result-1000M_Fact.csv",100,1,7,7,3276,3276,""
30,Filter,00:12:26,0.306,"Shop(S90..S99)",100,100,5,5,20235458,2219460,""
30,JoinKeyValue,00:12:26,0.066,"Product, Style => Inner(key_value)",100,100,5,6,2219460,2219460,""
30,AddColumn,00:12:26,0.035,"Quantity, Unit_Price => Multiply(Amount)",100,100,6,7,317860,317860,""
30,Filter,00:12:26,0.011,"Amount:Float(>100000)",100,100,7,7,317860,3120,""
30,Group_By,00:12:26,0.003,"Shop, Product => Count() Sum(Quantity) Sum(Amount)",100,1,7,5,3120,137,""
30,AppendCsv,00:12:26,0,"Outbox/PeakGo-Detail-Result-1000M_Fact.csv",100,1,7,7,3120,3120,""
31,Read_CSV,00:12:26,0.482,"Inbox\1000M_Fact.csv",100,100,5,5,0,0,""
32,Read_CSV,00:12:26,0.287,"Inbox\1000M_Fact.csv",100,100,5,5,0,0,""
31,Filter,00:12:26,0.326,"Shop(S90..S99)",100,100,5,5,20235451,2219460,""
31,JoinKeyValue,00:12:27,0.065,"Product, Style => Inner(key_value)",100,100,5,6,2219460,2219460,""
31,AddColumn,00:12:27,0.025,"Quantity, Unit_Price => Multiply(Amount)",100,100,6,7,317860,317860,""
31,Filter,00:12:27,0.008,"Amount:Float(>100000)",100,100,7,7,317860,3120,""
31,Group_By,00:12:27,0.002,"Shop, Product => Count() Sum(Quantity) Sum(Amount)",100,1,7,5,3120,137,""
31,AppendCsv,00:12:27,0,"Outbox/PeakGo-Detail-Result-1000M_Fact.csv",100,1,7,7,3120,3120,""
33,Read_CSV,00:12:27,0.243,"Inbox\1000M_Fact.csv",100,100,5,5,0,0,""
32,Filter,00:12:27,0.313,"Shop(S90..S99)",100,100,5,5,20235450,2219460,""
32,JoinKeyValue,00:12:27,0.06,"Product, Style => Inner(key_value)",100,100,5,6,2219460,2219460,""
32,AddColumn,00:12:27,0.027,"Quantity, Unit_Price => Multiply(Amount)",100,100,6,7,317860,317860,""
32,Filter,00:12:27,0.01,"Amount:Float(>100000)",100,100,7,7,317860,3120,""
32,Group_By,00:12:27,0.003,"Shop, Product => Count() Sum(Quantity) Sum(Amount)",100,1,7,5,3120,137,""
32,AppendCsv,00:12:27,0,"Outbox/PeakGo-Detail-Result-1000M_Fact.csv",100,1,7,7,3120,3120,""
34,Read_CSV,00:12:27,0.654,"Inbox\1000M_Fact.csv",100,100,5,5,0,0,""
33,Filter,00:12:27,0.369,"Shop(S90..S99)",100,100,5,5,20235453,2330433,""
33,JoinKeyValue,00:12:28,0.068,"Product, Style => Inner(key_value)",100,100,5,6,2330433,2330433,""
33,AddColumn,00:12:28,0.026,"Quantity, Unit_Price => Multiply(Amount)",100,100,6,7,333753,333753,""
33,Filter,00:12:28,0.01,"Amount:Float(>100000)",100,100,7,7,333753,3276,""
33,Group_By,00:12:28,0.003,"Shop, Product => Count() Sum(Quantity) Sum(Amount)",100,1,7,5,3276,137,""
33,AppendCsv,00:12:28,0.001,"Outbox/PeakGo-Detail-Result-1000M_Fact.csv",100,1,7,7,3276,3276,""
34,Filter,00:12:28,0.312,"Shop(S90..S99)",100,100,5,5,20235466,2219460,""
34,JoinKeyValue,00:12:28,0.064,"Product, Style => Inner(key_value)",100,100,5,6,2219460,2219460,""
34,AddColumn,00:12:28,0.027,"Quantity, Unit_Price => Multiply(Amount)",100,100,6,7,317860,317860,""
34,Filter,00:12:28,0.01,"Amount:Float(>100000)",100,100,7,7,317860,3120,""
34,Group_By,00:12:28,0.003,"Shop, Product => Count() Sum(Quantity) Sum(Amount)",100,1,7,5,3120,137,""
35,Read_CSV,00:12:27,0.625,"Inbox\1000M_Fact.csv",100,100,5,5,0,0,""
34,AppendCsv,00:12:28,0.001,"Outbox/PeakGo-Detail-Result-1000M_Fact.csv",100,1,7,7,3120,3120,""
35,Filter,00:12:28,0.338,"Shop(S90..S99)",100,100,5,5,20235449,2219460,""
35,JoinKeyValue,00:12:29,0.06,"Product, Style => Inner(key_value)",100,100,5,6,2219460,2219460,""
35,AddColumn,00:12:29,0.027,"Quantity, Unit_Price => Multiply(Amount)",100,100,6,7,317860,317860,""
35,Filter,00:12:29,0.009,"Amount:Float(>100000)",100,100,7,7,317860,3120,""
35,Group_By,00:12:29,0.003,"Shop, Product => Count() Sum(Quantity) Sum(Amount)",100,1,7,5,3120,137,""
36,Read_CSV,00:12:28,0.557,"Inbox\1000M_Fact.csv",100,100,5,5,0,0,""
35,AppendCsv,00:12:29,0,"Outbox/PeakGo-Detail-Result-1000M_Fact.csv",100,1,7,7,3120,3120,""
36,Filter,00:12:29,0.317,"Shop(S90..S99)",100,100,5,5,20235447,2219460,""
36,JoinKeyValue,00:12:29,0.064,"Product, Style => Inner(key_value)",100,100,5,6,2219460,2219460,""
36,AddColumn,00:12:29,0.026,"Quantity, Unit_Price => Multiply(Amount)",100,100,6,7,317860,317860,""
36,Filter,00:12:29,0.009,"Amount:Float(>100000)",100,100,7,7,317860,3120,""
36,Group_By,00:12:29,0.003,"Shop, Product => Count() Sum(Quantity) Sum(Amount)",100,1,7,5,3120,137,""
37,Read_CSV,00:12:29,0.531,"Inbox\1000M_Fact.csv",100,100,5,5,0,0,""
36,AppendCsv,00:12:29,0.002,"Outbox/PeakGo-Detail-Result-1000M_Fact.csv",100,1,7,7,3120,3120,""
37,Filter,00:12:29,0.315,"Shop(S90..S99)",100,100,5,5,20235454,2277676,""
38,Read_CSV,00:12:29,0.436,"Inbox\1000M_Fact.csv",100,100,5,5,0,0,""
37,JoinKeyValue,00:12:30,0.061,"Product, Style => Inner(key_value)",100,100,5,6,2277676,2277676,""
37,AddColumn,00:12:30,0.023,"Quantity, Unit_Price => Multiply(Amount)",100,100,6,7,326241,326241,""
37,Filter,00:12:30,0.01,"Amount:Float(>100000)",100,100,7,7,326241,3203,""
37,Group_By,00:12:30,0.003,"Shop, Product => Count() Sum(Quantity) Sum(Amount)",100,1,7,5,3203,137,""
37,AppendCsv,00:12:30,0,"Outbox/PeakGo-Detail-Result-1000M_Fact.csv",100,1,7,7,3203,3203,""
38,Filter,00:12:30,0.313,"Shop(S90..S99)",100,100,5,5,20235465,2272217,""
39,Read_CSV,00:12:30,0.416,"Inbox\1000M_Fact.csv",100,100,5,5,0,0,""
38,JoinKeyValue,00:12:30,0.062,"Product, Style => Inner(key_value)",100,100,5,6,2272217,2272217,""
38,AddColumn,00:12:30,0.025,"Quantity, Unit_Price => Multiply(Amount)",100,100,6,7,325372,325372,""
38,Filter,00:12:30,0.01,"Amount:Float(>100000)",100,100,7,7,325372,3193,""
38,Group_By,00:12:30,0.002,"Shop, Product => Count() Sum(Quantity) Sum(Amount)",100,1,7,5,3193,137,""
38,AppendCsv,00:12:30,0.001,"Outbox/PeakGo-Detail-Result-1000M_Fact.csv",100,1,7,7,3193,3193,""
39,Filter,00:12:30,0.337,"Shop(S90..S99)",100,100,5,5,20235448,2219460,""
39,JoinKeyValue,00:12:30,0.062,"Product, Style => Inner(key_value)",100,100,5,6,2219460,2219460,""
39,AddColumn,00:12:31,0.026,"Quantity, Unit_Price => Multiply(Amount)",100,100,6,7,317860,317860,""
39,Filter,00:12:31,0.01,"Amount:Float(>100000)",100,100,7,7,317860,3120,""
39,Group_By,00:12:31,0.002,"Shop, Product => Count() Sum(Quantity) Sum(Amount)",100,1,7,5,3120,137,""
40,Read_CSV,00:12:30,0.51,"Inbox\1000M_Fact.csv",100,100,5,5,0,0,""
39,AppendCsv,00:12:31,0.005,"Outbox/PeakGo-Detail-Result-1000M_Fact.csv",100,1,7,7,3120,3120,""
41,Read_CSV,00:12:31,0.244,"Inbox\1000M_Fact.csv",100,100,5,5,0,0,""
40,Filter,00:12:31,0.319,"Shop(S90..S99)",100,100,5,5,20235447,2219460,""
40,JoinKeyValue,00:12:31,0.067,"Product, Style => Inner(key_value)",100,100,5,6,2219460,2219460,""
40,AddColumn,00:12:31,0.025,"Quantity, Unit_Price => Multiply(Amount)",100,100,6,7,317860,317860,""
40,Filter,00:12:31,0.009,"Amount:Float(>100000)",100,100,7,7,317860,3120,""
40,Group_By,00:12:31,0.002,"Shop, Product => Count() Sum(Quantity) Sum(Amount)",100,1,7,5,3120,137,""
42,Read_CSV,00:12:31,0.396,"Inbox\1000M_Fact.csv",100,100,5,5,0,0,""
40,AppendCsv,00:12:31,0.005,"Outbox/PeakGo-Detail-Result-1000M_Fact.csv",100,1,7,7,3120,3120,""
41,Filter,00:12:31,0.374,"Shop(S90..S99)",100,100,5,5,20235452,2219488,""
41,JoinKeyValue,00:12:31,0.063,"Product, Style => Inner(key_value)",100,100,5,6,2219488,2219488,""
41,AddColumn,00:12:32,0.022,"Quantity, Unit_Price => Multiply(Amount)",100,100,6,7,317866,317866,""
41,Filter,00:12:32,0.011,"Amount:Float(>100000)",100,100,7,7,317866,3120,""
41,Group_By,00:12:32,0.003,"Shop, Product => Count() Sum(Quantity) Sum(Amount)",100,1,7,5,3120,137,""
41,AppendCsv,00:12:32,0.004,"Outbox/PeakGo-Detail-Result-1000M_Fact.csv",100,1,7,7,3120,3120,""
42,Filter,00:12:32,0.318,"Shop(S90..S99)",100,100,5,5,20235464,2330405,""
43,Read_CSV,00:12:31,0.72,"Inbox\1000M_Fact.csv",100,100,5,5,0,0,""
42,JoinKeyValue,00:12:32,0.06,"Product, Style => Inner(key_value)",100,100,5,6,2330405,2330405,""
42,AddColumn,00:12:32,0.025,"Quantity, Unit_Price => Multiply(Amount)",100,100,6,7,333747,333747,""
42,Filter,00:12:32,0.011,"Amount:Float(>100000)",100,100,7,7,333747,3276,""
42,Group_By,00:12:32,0.002,"Shop, Product => Count() Sum(Quantity) Sum(Amount)",100,1,7,5,3276,137,""
42,AppendCsv,00:12:32,0.002,"Outbox/PeakGo-Detail-Result-1000M_Fact.csv",100,1,7,7,3276,3276,""
43,Filter,00:12:32,0.344,"Shop(S90..S99)",100,100,5,5,20235451,2219460,""
43,JoinKeyValue,00:12:32,0.059,"Product, Style => Inner(key_value)",100,100,5,6,2219460,2219460,""
43,AddColumn,00:12:32,0.023,"Quantity, Unit_Price => Multiply(Amount)",100,100,6,7,317860,317860,""
43,Filter,00:12:32,0.009,"Amount:Float(>100000)",100,100,7,7,317860,3120,""
43,Group_By,00:12:32,0.003,"Shop, Product => Count() Sum(Quantity) Sum(Amount)",100,1,7,5,3120,137,""
43,AppendCsv,00:12:32,0.001,"Outbox/PeakGo-Detail-Result-1000M_Fact.csv",100,1,7,7,3120,3120,""
44,Read_CSV,00:12:32,0.595,"Inbox\1000M_Fact.csv",100,100,5,5,0,0,""
44,Filter,00:12:33,0.298,"Shop(S90..S99)",100,100,5,5,20235452,2219460,""
44,JoinKeyValue,00:12:33,0.058,"Product, Style => Inner(key_value)",100,100,5,6,2219460,2219460,""
44,AddColumn,00:12:33,0.024,"Quantity, Unit_Price => Multiply(Amount)",100,100,6,7,317860,317860,""
44,Filter,00:12:33,0.01,"Amount:Float(>100000)",100,100,7,7,317860,3120,""
44,Group_By,00:12:33,0.003,"Shop, Product => Count() Sum(Quantity) Sum(Amount)",100,1,7,5,3120,137,""
44,AppendCsv,00:12:33,0,"Outbox/PeakGo-Detail-Result-1000M_Fact.csv",100,1,7,7,3120,3120,""
45,Read_CSV,00:12:33,0.623,"Inbox\1000M_Fact.csv",100,100,5,5,0,0,""
45,Filter,00:12:33,0.302,"Shop(S90..S99)",100,100,5,5,20235446,2219460,""
45,JoinKeyValue,00:12:34,0.062,"Product, Style => Inner(key_value)",100,100,5,6,2219460,2219460,""
45,AddColumn,00:12:34,0.025,"Quantity, Unit_Price => Multiply(Amount)",100,100,6,7,317860,317860,""
45,Filter,00:12:34,0.01,"Amount:Float(>100000)",100,100,7,7,317860,3120,""
45,Group_By,00:12:34,0.002,"Shop, Product => Count() Sum(Quantity) Sum(Amount)",100,1,7,5,3120,137,""
45,AppendCsv,00:12:34,0.001,"Outbox/PeakGo-Detail-Result-1000M_Fact.csv",100,1,7,7,3120,3120,""
46,Read_CSV,00:12:33,0.648,"Inbox\1000M_Fact.csv",100,100,5,5,0,0,""
46,Filter,00:12:34,0.328,"Shop(S90..S99)",100,100,5,5,20235461,2330433,""
46,JoinKeyValue,00:12:34,0.079,"Product, Style => Inner(key_value)",100,100,5,6,2330433,2330433,""
46,AddColumn,00:12:34,0.026,"Quantity, Unit_Price => Multiply(Amount)",100,100,6,7,333753,333753,""
46,Filter,00:12:34,0.013,"Amount:Float(>100000)",100,100,7,7,333753,3276,""
46,Group_By,00:12:34,0.003,"Shop, Product => Count() Sum(Quantity) Sum(Amount)",100,1,7,5,3276,137,""
47,Read_CSV,00:12:34,0.58,"Inbox\1000M_Fact.csv",100,100,5,5,0,0,""
46,AppendCsv,00:12:34,0.004,"Outbox/PeakGo-Detail-Result-1000M_Fact.csv",100,1,7,7,3276,3276,""
47,Filter,00:12:34,0.301,"Shop(S90..S99)",100,100,5,5,20235458,2219460,""
47,JoinKeyValue,00:12:35,0.059,"Product, Style => Inner(key_value)",100,100,5,6,2219460,2219460,""
47,AddColumn,00:12:35,0.022,"Quantity, Unit_Price => Multiply(Amount)",100,100,6,7,317860,317860,""
47,Filter,00:12:35,0.01,"Amount:Float(>100000)",100,100,7,7,317860,3120,""
47,AppendCsv,00:12:35,0.001,"Outbox/PeakGo-Detail-Result-1000M_Fact.csv",100,1,7,7,3120,3120,""
47,Group_By,00:12:35,0.002,"Shop, Product => Count() Sum(Quantity) Sum(Amount)",100,1,7,5,3120,137,""
48,Read_CSV,00:12:34,0.573,"Inbox\1000M_Fact.csv",100,100,5,5,0,0,""
48,Filter,00:12:35,0.324,"Shop(S90..S99)",100,100,5,5,20235451,2219460,""
49,Read_CSV,00:12:35,0.447,"Inbox\1000M_Fact.csv",42,42,5,5,0,0,""
48,JoinKeyValue,00:12:35,0.066,"Product, Style => Inner(key_value)",100,100,5,6,2219460,2219460,""
48,AddColumn,00:12:35,0.021,"Quantity, Unit_Price => Multiply(Amount)",100,100,6,7,317860,317860,""
48,Filter,00:12:35,0.011,"Amount:Float(>100000)",100,100,7,7,317860,3120,""
48,Group_By,00:12:35,0.001,"Shop, Product => Count() Sum(Quantity) Sum(Amount)",100,1,7,5,3120,137,""
48,AppendCsv,00:12:35,0,"Outbox/PeakGo-Detail-Result-1000M_Fact.csv",100,1,7,7,3120,3120,""
49,Filter,00:12:35,0.14,"Shop(S90..S99)",42,42,5,5,8462762,998757,""
49,JoinKeyValue,00:12:36,0.037,"Product, Style => Inner(key_value)",42,42,5,6,998757,998757,""
49,AddColumn,00:12:36,0.013,"Quantity, Unit_Price => Multiply(Amount)",42,42,6,7,143037,143037,""
49,Filter,00:12:36,0.003,"Amount:Float(>100000)",42,42,7,7,143037,1404,""
49,Group_By,00:12:36,0,"Shop, Product => Count() Sum(Quantity) Sum(Amount)",42,1,7,5,1404,137,""
0,Final_Group_By,00:12:36,0.008,"Shop, Product => Sum(Count) Sum(Quantity) Sum(Amount)",50,1,5,5,6850,137,""
0,Write_CSV,00:12:36,0,"Outbox/Peakgo-Summary-Result-1000M_Fact.csv",1,1,5,5,137,137,""
49,AppendCsv,00:12:36,0.001,"Outbox/PeakGo-Detail-Result-1000M_Fact.csv",42,1,7,7,1404,1404,""
