Batch,Command,Start Time,Second,Command Setting,S Partition,E Partition,S Column,E Column,S Row,E Row,Error Message
0,Get_CSV_Partition_Address,00:11:04,0.001,"Inbox/Master.csv",0,1,0,3,0,0,""
0,Read_CSV,00:11:04,0,"Inbox/Master.csv",1,1,3,3,0,0,""
0,Filter,00:11:04,0.001,"Style(=F)",1,1,3,3,7200,900,""
0,Build_Key_Value,00:11:04,0.001,"Product, Style => Table(key_value)",1,1,3,3,900,900,""
0,Get_CSV_Partition_Address,00:11:04,1.012,"Inbox/1000M_Fact.csv",0,4942,0,5,0,0,""
0,Read_CSV,00:11:05,0.413,"Inbox/1000M_Fact.csv",100,100,5,5,0,0,""
0,Filter,00:11:05,0.621,"Shop(S90..S99)",100,100,5,5,20235466,2219460,""
0,Join_Key_Value,00:11:06,0.072,"Product, Style => Inner(key_value)",100,100,5,6,2219460,317860,""
0,Add_Column,00:11:06,0.084,"Quantity, Unit_Price => Multiply(Amount)",100,100,6,7,317860,317860,""
0,Filter,00:11:06,0.022,"Amount:Float(>100000)",100,100,7,7,317860,3120,""
0,Append_CSV,00:11:06,0,"Outbox/Peakrs-Detail-Result-1000M_Fact.csv",100,1,7,7,3120,3120,""
0,Group_By,00:11:06,0.014,"Shop, Product => Count() Sum(Quantity) Sum(Amount)",100,1,7,5,3120,137,""
1,Read_CSV,00:11:06,0.409,"Inbox/1000M_Fact.csv",100,100,5,5,0,0,""
1,Filter,00:11:07,0.614,"Shop(S90..S99)",100,100,5,5,20235448,2219460,""
1,Join_Key_Value,00:11:07,0.084,"Product, Style => Inner(key_value)",100,100,5,6,2219460,317860,""
1,Add_Column,00:11:07,0.03,"Quantity, Unit_Price => Multiply(Amount)",100,100,6,7,317860,317860,""
1,Filter,00:11:07,0.015,"Amount:Float(>100000)",100,100,7,7,317860,3120,""
1,Append_CSV,00:11:07,0,"Outbox/Peakrs-Detail-Result-1000M_Fact.csv",100,1,7,7,3120,3120,""
1,Group_By,00:11:08,0.011,"Shop, Product => Count() Sum(Quantity) Sum(Amount)",100,1,7,5,3120,137,""
2,Read_CSV,00:11:08,0.412,"Inbox/1000M_Fact.csv",100,100,5,5,0,0,""
2,Filter,00:11:08,0.644,"Shop(S90..S99)",100,100,5,5,20235448,2219460,""
2,Join_Key_Value,00:11:09,0.071,"Product, Style => Inner(key_value)",100,100,5,6,2219460,317860,""
2,Add_Column,00:11:09,0.029,"Quantity, Unit_Price => Multiply(Amount)",100,100,6,7,317860,317860,""
2,Filter,00:11:09,0.016,"Amount:Float(>100000)",100,100,7,7,317860,3120,""
2,Append_CSV,00:11:09,0,"Outbox/Peakrs-Detail-Result-1000M_Fact.csv",100,1,7,7,3120,3120,""
2,Group_By,00:11:09,0.008,"Shop, Product => Count() Sum(Quantity) Sum(Amount)",100,1,7,5,3120,137,""
3,Read_CSV,00:11:09,0.412,"Inbox/1000M_Fact.csv",100,100,5,5,0,0,""
3,Filter,00:11:09,0.611,"Shop(S90..S99)",100,100,5,5,20235452,2272247,""
3,Join_Key_Value,00:11:10,0.074,"Product, Style => Inner(key_value)",100,100,5,6,2272247,325461,""
3,Add_Column,00:11:10,0.027,"Quantity, Unit_Price => Multiply(Amount)",100,100,6,7,325461,325461,""
3,Filter,00:11:10,0.014,"Amount:Float(>100000)",100,100,7,7,325461,3195,""
3,Append_CSV,00:11:10,0,"Outbox/Peakrs-Detail-Result-1000M_Fact.csv",100,1,7,7,3195,3195,""
3,Group_By,00:11:10,0.006,"Shop, Product => Count() Sum(Quantity) Sum(Amount)",100,1,7,5,3195,137,""
4,Read_CSV,00:11:10,0.387,"Inbox/1000M_Fact.csv",100,100,5,5,0,0,""
4,Filter,00:11:10,0.563,"Shop(S90..S99)",100,100,5,5,20235465,2277646,""
4,Join_Key_Value,00:11:11,0.062,"Product, Style => Inner(key_value)",100,100,5,6,2277646,326152,""
4,Add_Column,00:11:11,0.083,"Quantity, Unit_Price => Multiply(Amount)",100,100,6,7,326152,326152,""
4,Filter,00:11:11,0.015,"Amount:Float(>100000)",100,100,7,7,326152,3201,""
4,Append_CSV,00:11:11,0,"Outbox/Peakrs-Detail-Result-1000M_Fact.csv",100,1,7,7,3201,3201,""
4,Group_By,00:11:11,0.006,"Shop, Product => Count() Sum(Quantity) Sum(Amount)",100,1,7,5,3201,137,""
5,Read_CSV,00:11:11,0.436,"Inbox/1000M_Fact.csv",100,100,5,5,0,0,""
5,Filter,00:11:12,0.607,"Shop(S90..S99)",100,100,5,5,20235449,2219460,""
5,Join_Key_Value,00:11:12,0.08,"Product, Style => Inner(key_value)",100,100,5,6,2219460,317860,""
5,Add_Column,00:11:12,0.027,"Quantity, Unit_Price => Multiply(Amount)",100,100,6,7,317860,317860,""
5,Filter,00:11:12,0.015,"Amount:Float(>100000)",100,100,7,7,317860,3120,""
5,Append_CSV,00:11:12,0,"Outbox/Peakrs-Detail-Result-1000M_Fact.csv",100,1,7,7,3120,3120,""
5,Group_By,00:11:12,0.007,"Shop, Product => Count() Sum(Quantity) Sum(Amount)",100,1,7,5,3120,137,""
6,Read_CSV,00:11:12,0.404,"Inbox/1000M_Fact.csv",100,100,5,5,0,0,""
6,Filter,00:11:13,0.671,"Shop(S90..S99)",100,100,5,5,20235448,2219460,""
6,Join_Key_Value,00:11:13,0.081,"Product, Style => Inner(key_value)",100,100,5,6,2219460,317860,""
6,Add_Column,00:11:14,0.024,"Quantity, Unit_Price => Multiply(Amount)",100,100,6,7,317860,317860,""
6,Filter,00:11:14,0.017,"Amount:Float(>100000)",100,100,7,7,317860,3120,""
6,Append_CSV,00:11:14,0,"Outbox/Peakrs-Detail-Result-1000M_Fact.csv",100,1,7,7,3120,3120,""
6,Group_By,00:11:14,0.006,"Shop, Product => Count() Sum(Quantity) Sum(Amount)",100,1,7,5,3120,137,""
7,Read_CSV,00:11:14,0.378,"Inbox/1000M_Fact.csv",100,100,5,5,0,0,""
7,Filter,00:11:14,0.694,"Shop(S90..S99)",100,100,5,5,20235452,2219460,""
7,Join_Key_Value,00:11:15,0.099,"Product, Style => Inner(key_value)",100,100,5,6,2219460,317860,""
7,Add_Column,00:11:15,0.029,"Quantity, Unit_Price => Multiply(Amount)",100,100,6,7,317860,317860,""
7,Filter,00:11:15,0.02,"Amount:Float(>100000)",100,100,7,7,317860,3120,""
7,Append_CSV,00:11:15,0,"Outbox/Peakrs-Detail-Result-1000M_Fact.csv",100,1,7,7,3120,3120,""
7,Group_By,00:11:15,0.01,"Shop, Product => Count() Sum(Quantity) Sum(Amount)",100,1,7,5,3120,137,""
8,Read_CSV,00:11:15,0.476,"Inbox/1000M_Fact.csv",100,100,5,5,0,0,""
8,Filter,00:11:15,0.691,"Shop(S90..S99)",100,100,5,5,20235462,2330433,""
8,Join_Key_Value,00:11:16,0.097,"Product, Style => Inner(key_value)",100,100,5,6,2330433,333753,""
8,Add_Column,00:11:16,0.035,"Quantity, Unit_Price => Multiply(Amount)",100,100,6,7,333753,333753,""
8,Filter,00:11:16,0.02,"Amount:Float(>100000)",100,100,7,7,333753,3276,""
8,Append_CSV,00:11:16,0.001,"Outbox/Peakrs-Detail-Result-1000M_Fact.csv",100,1,7,7,3276,3276,""
8,Group_By,00:11:16,0.01,"Shop, Product => Count() Sum(Quantity) Sum(Amount)",100,1,7,5,3276,137,""
9,Read_CSV,00:11:16,0.417,"Inbox/1000M_Fact.csv",100,100,5,5,0,0,""
9,Filter,00:11:17,0.641,"Shop(S90..S99)",100,100,5,5,20235452,2219460,""
9,Join_Key_Value,00:11:18,0.07,"Product, Style => Inner(key_value)",100,100,5,6,2219460,317860,""
9,Add_Column,00:11:18,0.025,"Quantity, Unit_Price => Multiply(Amount)",100,100,6,7,317860,317860,""
9,Filter,00:11:18,0.013,"Amount:Float(>100000)",100,100,7,7,317860,3120,""
9,Append_CSV,00:11:18,0,"Outbox/Peakrs-Detail-Result-1000M_Fact.csv",100,1,7,7,3120,3120,""
9,Group_By,00:11:18,0.005,"Shop, Product => Count() Sum(Quantity) Sum(Amount)",100,1,7,5,3120,137,""
10,Read_CSV,00:11:18,0.37,"Inbox/1000M_Fact.csv",100,100,5,5,0,0,""
10,Filter,00:11:18,0.651,"Shop(S90..S99)",100,100,5,5,20235454,2219460,""
10,Join_Key_Value,00:11:19,0.073,"Product, Style => Inner(key_value)",100,100,5,6,2219460,317860,""
10,Add_Column,00:11:19,0.057,"Quantity, Unit_Price => Multiply(Amount)",100,100,6,7,317860,317860,""
10,Filter,00:11:19,0.015,"Amount:Float(>100000)",100,100,7,7,317860,3120,""
10,Append_CSV,00:11:19,0,"Outbox/Peakrs-Detail-Result-1000M_Fact.csv",100,1,7,7,3120,3120,""
10,Group_By,00:11:19,0.008,"Shop, Product => Count() Sum(Quantity) Sum(Amount)",100,1,7,5,3120,137,""
11,Read_CSV,00:11:19,0.407,"Inbox/1000M_Fact.csv",100,100,5,5,0,0,""
11,Filter,00:11:19,0.603,"Shop(S90..S99)",100,100,5,5,20235446,2219460,""
11,Join_Key_Value,00:11:20,0.072,"Product, Style => Inner(key_value)",100,100,5,6,2219460,317860,""
11,Add_Column,00:11:20,0.028,"Quantity, Unit_Price => Multiply(Amount)",100,100,6,7,317860,317860,""
11,Filter,00:11:20,0.015,"Amount:Float(>100000)",100,100,7,7,317860,3120,""
11,Append_CSV,00:11:20,0,"Outbox/Peakrs-Detail-Result-1000M_Fact.csv",100,1,7,7,3120,3120,""
11,Group_By,00:11:20,0.006,"Shop, Product => Count() Sum(Quantity) Sum(Amount)",100,1,7,5,3120,137,""
12,Read_CSV,00:11:20,0.403,"Inbox/1000M_Fact.csv",100,100,5,5,0,0,""
12,Filter,00:11:20,0.615,"Shop(S90..S99)",100,100,5,5,20235459,2330433,""
12,Join_Key_Value,00:11:21,0.088,"Product, Style => Inner(key_value)",100,100,5,6,2330433,333753,""
12,Add_Column,00:11:21,0.028,"Quantity, Unit_Price => Multiply(Amount)",100,100,6,7,333753,333753,""
12,Filter,00:11:21,0.015,"Amount:Float(>100000)",100,100,7,7,333753,3276,""
12,Append_CSV,00:11:21,0.001,"Outbox/Peakrs-Detail-Result-1000M_Fact.csv",100,1,7,7,3276,3276,""
12,Group_By,00:11:21,0.008,"Shop, Product => Count() Sum(Quantity) Sum(Amount)",100,1,7,5,3276,137,""
13,Read_CSV,00:11:21,0.373,"Inbox/1000M_Fact.csv",100,100,5,5,0,0,""
13,Filter,00:11:22,0.643,"Shop(S90..S99)",100,100,5,5,20235458,2219460,""
13,Join_Key_Value,00:11:22,0.068,"Product, Style => Inner(key_value)",100,100,5,6,2219460,317860,""
13,Add_Column,00:11:22,0.023,"Quantity, Unit_Price => Multiply(Amount)",100,100,6,7,317860,317860,""
13,Filter,00:11:22,0.013,"Amount:Float(>100000)",100,100,7,7,317860,3120,""
13,Append_CSV,00:11:22,0,"Outbox/Peakrs-Detail-Result-1000M_Fact.csv",100,1,7,7,3120,3120,""
13,Group_By,00:11:22,0.006,"Shop, Product => Count() Sum(Quantity) Sum(Amount)",100,1,7,5,3120,137,""
14,Read_CSV,00:11:22,0.363,"Inbox/1000M_Fact.csv",100,100,5,5,0,0,""
14,Filter,00:11:23,0.647,"Shop(S90..S99)",100,100,5,5,20235451,2219460,""
14,Join_Key_Value,00:11:24,0.067,"Product, Style => Inner(key_value)",100,100,5,6,2219460,317860,""
14,Add_Column,00:11:24,0.021,"Quantity, Unit_Price => Multiply(Amount)",100,100,6,7,317860,317860,""
14,Filter,00:11:24,0.012,"Amount:Float(>100000)",100,100,7,7,317860,3120,""
14,Append_CSV,00:11:24,0,"Outbox/Peakrs-Detail-Result-1000M_Fact.csv",100,1,7,7,3120,3120,""
14,Group_By,00:11:24,0.005,"Shop, Product => Count() Sum(Quantity) Sum(Amount)",100,1,7,5,3120,137,""
15,Read_CSV,00:11:24,0.371,"Inbox/1000M_Fact.csv",100,100,5,5,0,0,""
15,Filter,00:11:24,0.622,"Shop(S90..S99)",100,100,5,5,20235450,2219460,""
15,Join_Key_Value,00:11:25,0.067,"Product, Style => Inner(key_value)",100,100,5,6,2219460,317860,""
15,Add_Column,00:11:25,0.066,"Quantity, Unit_Price => Multiply(Amount)",100,100,6,7,317860,317860,""
15,Filter,00:11:25,0.012,"Amount:Float(>100000)",100,100,7,7,317860,3120,""
15,Append_CSV,00:11:25,0,"Outbox/Peakrs-Detail-Result-1000M_Fact.csv",100,1,7,7,3120,3120,""
15,Group_By,00:11:25,0.007,"Shop, Product => Count() Sum(Quantity) Sum(Amount)",100,1,7,5,3120,137,""
16,Read_CSV,00:11:25,0.386,"Inbox/1000M_Fact.csv",100,100,5,5,0,0,""
16,Filter,00:11:25,0.556,"Shop(S90..S99)",100,100,5,5,20235453,2330433,""
16,Join_Key_Value,00:11:26,0.069,"Product, Style => Inner(key_value)",100,100,5,6,2330433,333753,""
16,Add_Column,00:11:26,0.024,"Quantity, Unit_Price => Multiply(Amount)",100,100,6,7,333753,333753,""
16,Filter,00:11:26,0.013,"Amount:Float(>100000)",100,100,7,7,333753,3276,""
16,Append_CSV,00:11:26,0,"Outbox/Peakrs-Detail-Result-1000M_Fact.csv",100,1,7,7,3276,3276,""
16,Group_By,00:11:26,0.006,"Shop, Product => Count() Sum(Quantity) Sum(Amount)",100,1,7,5,3276,137,""
17,Read_CSV,00:11:26,0.407,"Inbox/1000M_Fact.csv",100,100,5,5,0,0,""
17,Filter,00:11:26,0.598,"Shop(S90..S99)",100,100,5,5,20235467,2219460,""
17,Join_Key_Value,00:11:27,0.077,"Product, Style => Inner(key_value)",100,100,5,6,2219460,317860,""
17,Add_Column,00:11:27,0.027,"Quantity, Unit_Price => Multiply(Amount)",100,100,6,7,317860,317860,""
17,Filter,00:11:27,0.016,"Amount:Float(>100000)",100,100,7,7,317860,3120,""
17,Append_CSV,00:11:27,0,"Outbox/Peakrs-Detail-Result-1000M_Fact.csv",100,1,7,7,3120,3120,""
17,Group_By,00:11:27,0.005,"Shop, Product => Count() Sum(Quantity) Sum(Amount)",100,1,7,5,3120,137,""
18,Read_CSV,00:11:27,0.402,"Inbox/1000M_Fact.csv",100,100,5,5,0,0,""
18,Filter,00:11:28,0.593,"Shop(S90..S99)",100,100,5,5,20235449,2219460,""
18,Join_Key_Value,00:11:28,0.076,"Product, Style => Inner(key_value)",100,100,5,6,2219460,317860,""
18,Add_Column,00:11:28,0.026,"Quantity, Unit_Price => Multiply(Amount)",100,100,6,7,317860,317860,""
18,Filter,00:11:28,0.014,"Amount:Float(>100000)",100,100,7,7,317860,3120,""
18,Append_CSV,00:11:28,0,"Outbox/Peakrs-Detail-Result-1000M_Fact.csv",100,1,7,7,3120,3120,""
18,Group_By,00:11:28,0.008,"Shop, Product => Count() Sum(Quantity) Sum(Amount)",100,1,7,5,3120,137,""
19,Read_CSV,00:11:28,0.332,"Inbox/1000M_Fact.csv",100,100,5,5,0,0,""
19,Filter,00:11:29,0.618,"Shop(S90..S99)",100,100,5,5,20235447,2219460,""
19,Join_Key_Value,00:11:29,0.074,"Product, Style => Inner(key_value)",100,100,5,6,2219460,317860,""
19,Add_Column,00:11:29,0.027,"Quantity, Unit_Price => Multiply(Amount)",100,100,6,7,317860,317860,""
19,Filter,00:11:29,0.012,"Amount:Float(>100000)",100,100,7,7,317860,3120,""
19,Append_CSV,00:11:29,0,"Outbox/Peakrs-Detail-Result-1000M_Fact.csv",100,1,7,7,3120,3120,""
19,Group_By,00:11:29,0.005,"Shop, Product => Count() Sum(Quantity) Sum(Amount)",100,1,7,5,3120,137,""
20,Read_CSV,00:11:29,0.425,"Inbox/1000M_Fact.csv",100,100,5,5,0,0,""
20,Filter,00:11:30,0.651,"Shop(S90..S99)",100,100,5,5,20235453,2274962,""
20,Join_Key_Value,00:11:31,0.08,"Product, Style => Inner(key_value)",100,100,5,6,2274962,325857,""
20,Add_Column,00:11:31,0.027,"Quantity, Unit_Price => Multiply(Amount)",100,100,6,7,325857,325857,""
20,Filter,00:11:31,0.014,"Amount:Float(>100000)",100,100,7,7,325857,3198,""
20,Append_CSV,00:11:31,0,"Outbox/Peakrs-Detail-Result-1000M_Fact.csv",100,1,7,7,3198,3198,""
20,Group_By,00:11:31,0.006,"Shop, Product => Count() Sum(Quantity) Sum(Amount)",100,1,7,5,3198,137,""
21,Read_CSV,00:11:31,0.373,"Inbox/1000M_Fact.csv",100,100,5,5,0,0,""
21,Filter,00:11:31,0.618,"Shop(S90..S99)",100,100,5,5,20235464,2274931,""
21,Join_Key_Value,00:11:32,0.075,"Product, Style => Inner(key_value)",100,100,5,6,2274931,325756,""
21,Add_Column,00:11:32,0.031,"Quantity, Unit_Price => Multiply(Amount)",100,100,6,7,325756,325756,""
21,Filter,00:11:32,0.013,"Amount:Float(>100000)",100,100,7,7,325756,3198,""
21,Append_CSV,00:11:32,0,"Outbox/Peakrs-Detail-Result-1000M_Fact.csv",100,1,7,7,3198,3198,""
21,Group_By,00:11:32,0.006,"Shop, Product => Count() Sum(Quantity) Sum(Amount)",100,1,7,5,3198,137,""
22,Read_CSV,00:11:32,0.366,"Inbox/1000M_Fact.csv",100,100,5,5,0,0,""
22,Filter,00:11:32,0.599,"Shop(S90..S99)",100,100,5,5,20235449,2219460,""
22,Join_Key_Value,00:11:33,0.064,"Product, Style => Inner(key_value)",100,100,5,6,2219460,317860,""
22,Add_Column,00:11:33,0.022,"Quantity, Unit_Price => Multiply(Amount)",100,100,6,7,317860,317860,""
22,Filter,00:11:33,0.014,"Amount:Float(>100000)",100,100,7,7,317860,3120,""
22,Append_CSV,00:11:33,0,"Outbox/Peakrs-Detail-Result-1000M_Fact.csv",100,1,7,7,3120,3120,""
22,Group_By,00:11:33,0.006,"Shop, Product => Count() Sum(Quantity) Sum(Amount)",100,1,7,5,3120,137,""
23,Read_CSV,00:11:33,0.395,"Inbox/1000M_Fact.csv",100,100,5,5,0,0,""
23,Filter,00:11:33,0.598,"Shop(S90..S99)",100,100,5,5,20235447,2219460,""
23,Join_Key_Value,00:11:34,0.069,"Product, Style => Inner(key_value)",100,100,5,6,2219460,317860,""
23,Add_Column,00:11:34,0.024,"Quantity, Unit_Price => Multiply(Amount)",100,100,6,7,317860,317860,""
23,Filter,00:11:34,0.016,"Amount:Float(>100000)",100,100,7,7,317860,3120,""
23,Append_CSV,00:11:34,0,"Outbox/Peakrs-Detail-Result-1000M_Fact.csv",100,1,7,7,3120,3120,""
23,Group_By,00:11:34,0.005,"Shop, Product => Count() Sum(Quantity) Sum(Amount)",100,1,7,5,3120,137,""
24,Read_CSV,00:11:34,0.361,"Inbox/1000M_Fact.csv",100,100,5,5,0,0,""
24,Filter,00:11:34,0.605,"Shop(S90..S99)",100,100,5,5,20235453,2219460,""
24,Join_Key_Value,00:11:35,0.073,"Product, Style => Inner(key_value)",100,100,5,6,2219460,317860,""
24,Add_Column,00:11:35,0.026,"Quantity, Unit_Price => Multiply(Amount)",100,100,6,7,317860,317860,""
24,Filter,00:11:35,0.014,"Amount:Float(>100000)",100,100,7,7,317860,3120,""
24,Append_CSV,00:11:35,0,"Outbox/Peakrs-Detail-Result-1000M_Fact.csv",100,1,7,7,3120,3120,""
24,Group_By,00:11:35,0.006,"Shop, Product => Count() Sum(Quantity) Sum(Amount)",100,1,7,5,3120,137,""
25,Read_CSV,00:11:35,0.356,"Inbox/1000M_Fact.csv",100,100,5,5,0,0,""
25,Filter,00:11:36,0.626,"Shop(S90..S99)",100,100,5,5,20235462,2330433,""
25,Join_Key_Value,00:11:36,0.077,"Product, Style => Inner(key_value)",100,100,5,6,2330433,333753,""
25,Add_Column,00:11:36,0.041,"Quantity, Unit_Price => Multiply(Amount)",100,100,6,7,333753,333753,""
25,Filter,00:11:36,0.013,"Amount:Float(>100000)",100,100,7,7,333753,3276,""
25,Append_CSV,00:11:36,0,"Outbox/Peakrs-Detail-Result-1000M_Fact.csv",100,1,7,7,3276,3276,""
25,Group_By,00:11:36,0.005,"Shop, Product => Count() Sum(Quantity) Sum(Amount)",100,1,7,5,3276,137,""
26,Read_CSV,00:11:36,0.36,"Inbox/1000M_Fact.csv",100,100,5,5,0,0,""
26,Filter,00:11:37,0.62,"Shop(S90..S99)",100,100,5,5,20235452,2219460,""
26,Join_Key_Value,00:11:37,0.067,"Product, Style => Inner(key_value)",100,100,5,6,2219460,317860,""
26,Add_Column,00:11:38,0.021,"Quantity, Unit_Price => Multiply(Amount)",100,100,6,7,317860,317860,""
26,Filter,00:11:38,0.015,"Amount:Float(>100000)",100,100,7,7,317860,3120,""
26,Append_CSV,00:11:38,0,"Outbox/Peakrs-Detail-Result-1000M_Fact.csv",100,1,7,7,3120,3120,""
26,Group_By,00:11:38,0.005,"Shop, Product => Count() Sum(Quantity) Sum(Amount)",100,1,7,5,3120,137,""
27,Read_CSV,00:11:38,0.356,"Inbox/1000M_Fact.csv",100,100,5,5,0,0,""
27,Filter,00:11:38,0.615,"Shop(S90..S99)",100,100,5,5,20235454,2219460,""
27,Join_Key_Value,00:11:39,0.077,"Product, Style => Inner(key_value)",100,100,5,6,2219460,317860,""
27,Add_Column,00:11:39,0.024,"Quantity, Unit_Price => Multiply(Amount)",100,100,6,7,317860,317860,""
27,Filter,00:11:39,0.013,"Amount:Float(>100000)",100,100,7,7,317860,3120,""
27,Append_CSV,00:11:39,0,"Outbox/Peakrs-Detail-Result-1000M_Fact.csv",100,1,7,7,3120,3120,""
27,Group_By,00:11:39,0.007,"Shop, Product => Count() Sum(Quantity) Sum(Amount)",100,1,7,5,3120,137,""
28,Read_CSV,00:11:39,0.397,"Inbox/1000M_Fact.csv",100,100,5,5,0,0,""
28,Filter,00:11:39,0.622,"Shop(S90..S99)",100,100,5,5,20235446,2219460,""
28,Join_Key_Value,00:11:40,0.083,"Product, Style => Inner(key_value)",100,100,5,6,2219460,317860,""
28,Add_Column,00:11:40,0.072,"Quantity, Unit_Price => Multiply(Amount)",100,100,6,7,317860,317860,""
28,Filter,00:11:40,0.014,"Amount:Float(>100000)",100,100,7,7,317860,3120,""
28,Append_CSV,00:11:40,0,"Outbox/Peakrs-Detail-Result-1000M_Fact.csv",100,1,7,7,3120,3120,""
28,Group_By,00:11:40,0.007,"Shop, Product => Count() Sum(Quantity) Sum(Amount)",100,1,7,5,3120,137,""
29,Read_CSV,00:11:40,0.399,"Inbox/1000M_Fact.csv",100,100,5,5,0,0,""
29,Filter,00:11:40,0.61,"Shop(S90..S99)",100,100,5,5,20235459,2330433,""
29,Join_Key_Value,00:11:41,0.083,"Product, Style => Inner(key_value)",100,100,5,6,2330433,333753,""
29,Add_Column,00:11:41,0.057,"Quantity, Unit_Price => Multiply(Amount)",100,100,6,7,333753,333753,""
29,Filter,00:11:41,0.016,"Amount:Float(>100000)",100,100,7,7,333753,3276,""
29,Append_CSV,00:11:41,0,"Outbox/Peakrs-Detail-Result-1000M_Fact.csv",100,1,7,7,3276,3276,""
29,Group_By,00:11:41,0.007,"Shop, Product => Count() Sum(Quantity) Sum(Amount)",100,1,7,5,3276,137,""
30,Read_CSV,00:11:41,0.367,"Inbox/1000M_Fact.csv",100,100,5,5,0,0,""
30,Filter,00:11:42,0.635,"Shop(S90..S99)",100,100,5,5,20235458,2219460,""
30,Join_Key_Value,00:11:42,0.076,"Product, Style => Inner(key_value)",100,100,5,6,2219460,317860,""
30,Add_Column,00:11:42,0.038,"Quantity, Unit_Price => Multiply(Amount)",100,100,6,7,317860,317860,""
30,Filter,00:11:42,0.015,"Amount:Float(>100000)",100,100,7,7,317860,3120,""
30,Append_CSV,00:11:42,0.001,"Outbox/Peakrs-Detail-Result-1000M_Fact.csv",100,1,7,7,3120,3120,""
30,Group_By,00:11:42,0.006,"Shop, Product => Count() Sum(Quantity) Sum(Amount)",100,1,7,5,3120,137,""
31,Read_CSV,00:11:42,0.34,"Inbox/1000M_Fact.csv",100,100,5,5,0,0,""
31,Filter,00:11:43,0.619,"Shop(S90..S99)",100,100,5,5,20235451,2219460,""
31,Join_Key_Value,00:11:43,0.075,"Product, Style => Inner(key_value)",100,100,5,6,2219460,317860,""
31,Add_Column,00:11:44,0.024,"Quantity, Unit_Price => Multiply(Amount)",100,100,6,7,317860,317860,""
31,Filter,00:11:44,0.012,"Amount:Float(>100000)",100,100,7,7,317860,3120,""
31,Append_CSV,00:11:44,0,"Outbox/Peakrs-Detail-Result-1000M_Fact.csv",100,1,7,7,3120,3120,""
31,Group_By,00:11:44,0.007,"Shop, Product => Count() Sum(Quantity) Sum(Amount)",100,1,7,5,3120,137,""
32,Read_CSV,00:11:44,0.339,"Inbox/1000M_Fact.csv",100,100,5,5,0,0,""
32,Filter,00:11:44,0.619,"Shop(S90..S99)",100,100,5,5,20235450,2219460,""
32,Join_Key_Value,00:11:45,0.067,"Product, Style => Inner(key_value)",100,100,5,6,2219460,317860,""
32,Add_Column,00:11:45,0.023,"Quantity, Unit_Price => Multiply(Amount)",100,100,6,7,317860,317860,""
32,Filter,00:11:45,0.013,"Amount:Float(>100000)",100,100,7,7,317860,3120,""
32,Append_CSV,00:11:45,0,"Outbox/Peakrs-Detail-Result-1000M_Fact.csv",100,1,7,7,3120,3120,""
32,Group_By,00:11:45,0.007,"Shop, Product => Count() Sum(Quantity) Sum(Amount)",100,1,7,5,3120,137,""
33,Read_CSV,00:11:45,0.358,"Inbox/1000M_Fact.csv",100,100,5,5,0,0,""
33,Filter,00:11:45,0.627,"Shop(S90..S99)",100,100,5,5,20235453,2330433,""
33,Join_Key_Value,00:11:46,0.076,"Product, Style => Inner(key_value)",100,100,5,6,2330433,333753,""
33,Add_Column,00:11:46,0.09,"Quantity, Unit_Price => Multiply(Amount)",100,100,6,7,333753,333753,""
33,Filter,00:11:46,0.015,"Amount:Float(>100000)",100,100,7,7,333753,3276,""
33,Append_CSV,00:11:46,0,"Outbox/Peakrs-Detail-Result-1000M_Fact.csv",100,1,7,7,3276,3276,""
33,Group_By,00:11:46,0.007,"Shop, Product => Count() Sum(Quantity) Sum(Amount)",100,1,7,5,3276,137,""
34,Read_CSV,00:11:46,0.354,"Inbox/1000M_Fact.csv",100,100,5,5,0,0,""
34,Filter,00:11:46,0.583,"Shop(S90..S99)",100,100,5,5,20235466,2219460,""
34,Join_Key_Value,00:11:47,0.072,"Product, Style => Inner(key_value)",100,100,5,6,2219460,317860,""
34,Add_Column,00:11:47,0.057,"Quantity, Unit_Price => Multiply(Amount)",100,100,6,7,317860,317860,""
34,Filter,00:11:47,0.014,"Amount:Float(>100000)",100,100,7,7,317860,3120,""
34,Append_CSV,00:11:47,0,"Outbox/Peakrs-Detail-Result-1000M_Fact.csv",100,1,7,7,3120,3120,""
34,Group_By,00:11:47,0.006,"Shop, Product => Count() Sum(Quantity) Sum(Amount)",100,1,7,5,3120,137,""
35,Read_CSV,00:11:47,0.412,"Inbox/1000M_Fact.csv",100,100,5,5,0,0,""
35,Filter,00:11:47,0.586,"Shop(S90..S99)",100,100,5,5,20235449,2219460,""
35,Join_Key_Value,00:11:48,0.075,"Product, Style => Inner(key_value)",100,100,5,6,2219460,317860,""
35,Add_Column,00:11:48,0.031,"Quantity, Unit_Price => Multiply(Amount)",100,100,6,7,317860,317860,""
35,Filter,00:11:48,0.017,"Amount:Float(>100000)",100,100,7,7,317860,3120,""
35,Append_CSV,00:11:48,0,"Outbox/Peakrs-Detail-Result-1000M_Fact.csv",100,1,7,7,3120,3120,""
35,Group_By,00:11:48,0.007,"Shop, Product => Count() Sum(Quantity) Sum(Amount)",100,1,7,5,3120,137,""
36,Read_CSV,00:11:48,0.389,"Inbox/1000M_Fact.csv",100,100,5,5,0,0,""
36,Filter,00:11:49,0.61,"Shop(S90..S99)",100,100,5,5,20235447,2219460,""
36,Join_Key_Value,00:11:49,0.073,"Product, Style => Inner(key_value)",100,100,5,6,2219460,317860,""
36,Add_Column,00:11:49,0.069,"Quantity, Unit_Price => Multiply(Amount)",100,100,6,7,317860,317860,""
36,Filter,00:11:49,0.014,"Amount:Float(>100000)",100,100,7,7,317860,3120,""
36,Append_CSV,00:11:49,0,"Outbox/Peakrs-Detail-Result-1000M_Fact.csv",100,1,7,7,3120,3120,""
36,Group_By,00:11:49,0.007,"Shop, Product => Count() Sum(Quantity) Sum(Amount)",100,1,7,5,3120,137,""
37,Read_CSV,00:11:49,0.38,"Inbox/1000M_Fact.csv",100,100,5,5,0,0,""
37,Filter,00:11:50,0.597,"Shop(S90..S99)",100,100,5,5,20235454,2277676,""
37,Join_Key_Value,00:11:50,0.066,"Product, Style => Inner(key_value)",100,100,5,6,2277676,326241,""
37,Add_Column,00:11:51,0.045,"Quantity, Unit_Price => Multiply(Amount)",100,100,6,7,326241,326241,""
37,Filter,00:11:51,0.014,"Amount:Float(>100000)",100,100,7,7,326241,3203,""
37,Append_CSV,00:11:51,0,"Outbox/Peakrs-Detail-Result-1000M_Fact.csv",100,1,7,7,3203,3203,""
37,Group_By,00:11:51,0.005,"Shop, Product => Count() Sum(Quantity) Sum(Amount)",100,1,7,5,3203,137,""
38,Read_CSV,00:11:51,0.371,"Inbox/1000M_Fact.csv",100,100,5,5,0,0,""
38,Filter,00:11:51,0.609,"Shop(S90..S99)",100,100,5,5,20235465,2272217,""
38,Join_Key_Value,00:11:52,0.065,"Product, Style => Inner(key_value)",100,100,5,6,2272217,325372,""
38,Add_Column,00:11:52,0.057,"Quantity, Unit_Price => Multiply(Amount)",100,100,6,7,325372,325372,""
38,Filter,00:11:52,0.013,"Amount:Float(>100000)",100,100,7,7,325372,3193,""
38,Append_CSV,00:11:52,0,"Outbox/Peakrs-Detail-Result-1000M_Fact.csv",100,1,7,7,3193,3193,""
38,Group_By,00:11:52,0.004,"Shop, Product => Count() Sum(Quantity) Sum(Amount)",100,1,7,5,3193,137,""
39,Read_CSV,00:11:52,0.387,"Inbox/1000M_Fact.csv",100,100,5,5,0,0,""
39,Filter,00:11:52,0.617,"Shop(S90..S99)",100,100,5,5,20235448,2219460,""
39,Join_Key_Value,00:11:53,0.079,"Product, Style => Inner(key_value)",100,100,5,6,2219460,317860,""
39,Add_Column,00:11:53,0.022,"Quantity, Unit_Price => Multiply(Amount)",100,100,6,7,317860,317860,""
39,Filter,00:11:53,0.011,"Amount:Float(>100000)",100,100,7,7,317860,3120,""
39,Append_CSV,00:11:53,0,"Outbox/Peakrs-Detail-Result-1000M_Fact.csv",100,1,7,7,3120,3120,""
39,Group_By,00:11:53,0.007,"Shop, Product => Count() Sum(Quantity) Sum(Amount)",100,1,7,5,3120,137,""
40,Read_CSV,00:11:53,0.398,"Inbox/1000M_Fact.csv",100,100,5,5,0,0,""
40,Filter,00:11:53,0.592,"Shop(S90..S99)",100,100,5,5,20235447,2219460,""
40,Join_Key_Value,00:11:54,0.065,"Product, Style => Inner(key_value)",100,100,5,6,2219460,317860,""
40,Add_Column,00:11:54,0.024,"Quantity, Unit_Price => Multiply(Amount)",100,100,6,7,317860,317860,""
40,Filter,00:11:54,0.013,"Amount:Float(>100000)",100,100,7,7,317860,3120,""
40,Append_CSV,00:11:54,0,"Outbox/Peakrs-Detail-Result-1000M_Fact.csv",100,1,7,7,3120,3120,""
40,Group_By,00:11:54,0.005,"Shop, Product => Count() Sum(Quantity) Sum(Amount)",100,1,7,5,3120,137,""
41,Read_CSV,00:11:54,0.398,"Inbox/1000M_Fact.csv",100,100,5,5,0,0,""
41,Filter,00:11:54,0.583,"Shop(S90..S99)",100,100,5,5,20235452,2219488,""
41,Join_Key_Value,00:11:55,0.07,"Product, Style => Inner(key_value)",100,100,5,6,2219488,317866,""
41,Add_Column,00:11:55,0.027,"Quantity, Unit_Price => Multiply(Amount)",100,100,6,7,317866,317866,""
41,Filter,00:11:55,0.014,"Amount:Float(>100000)",100,100,7,7,317866,3120,""
41,Append_CSV,00:11:55,0,"Outbox/Peakrs-Detail-Result-1000M_Fact.csv",100,1,7,7,3120,3120,""
41,Group_By,00:11:55,0.01,"Shop, Product => Count() Sum(Quantity) Sum(Amount)",100,1,7,5,3120,137,""
42,Read_CSV,00:11:55,0.404,"Inbox/1000M_Fact.csv",100,100,5,5,0,0,""
42,Filter,00:11:56,0.608,"Shop(S90..S99)",100,100,5,5,20235464,2330405,""
42,Join_Key_Value,00:11:56,0.072,"Product, Style => Inner(key_value)",100,100,5,6,2330405,333747,""
42,Add_Column,00:11:56,0.021,"Quantity, Unit_Price => Multiply(Amount)",100,100,6,7,333747,333747,""
42,Filter,00:11:56,0.012,"Amount:Float(>100000)",100,100,7,7,333747,3276,""
42,Append_CSV,00:11:56,0,"Outbox/Peakrs-Detail-Result-1000M_Fact.csv",100,1,7,7,3276,3276,""
42,Group_By,00:11:56,0.006,"Shop, Product => Count() Sum(Quantity) Sum(Amount)",100,1,7,5,3276,137,""
43,Read_CSV,00:11:56,0.374,"Inbox/1000M_Fact.csv",100,100,5,5,0,0,""
43,Filter,00:11:57,0.619,"Shop(S90..S99)",100,100,5,5,20235451,2219460,""
43,Join_Key_Value,00:11:57,0.065,"Product, Style => Inner(key_value)",100,100,5,6,2219460,317860,""
43,Add_Column,00:11:57,0.046,"Quantity, Unit_Price => Multiply(Amount)",100,100,6,7,317860,317860,""
43,Filter,00:11:58,0.012,"Amount:Float(>100000)",100,100,7,7,317860,3120,""
43,Append_CSV,00:11:58,0,"Outbox/Peakrs-Detail-Result-1000M_Fact.csv",100,1,7,7,3120,3120,""
43,Group_By,00:11:58,0.006,"Shop, Product => Count() Sum(Quantity) Sum(Amount)",100,1,7,5,3120,137,""
44,Read_CSV,00:11:58,0.399,"Inbox/1000M_Fact.csv",100,100,5,5,0,0,""
44,Filter,00:11:58,0.61,"Shop(S90..S99)",100,100,5,5,20235452,2219460,""
44,Join_Key_Value,00:11:59,0.072,"Product, Style => Inner(key_value)",100,100,5,6,2219460,317860,""
44,Add_Column,00:11:59,0.074,"Quantity, Unit_Price => Multiply(Amount)",100,100,6,7,317860,317860,""
44,Filter,00:11:59,0.013,"Amount:Float(>100000)",100,100,7,7,317860,3120,""
44,Append_CSV,00:11:59,0,"Outbox/Peakrs-Detail-Result-1000M_Fact.csv",100,1,7,7,3120,3120,""
44,Group_By,00:11:59,0.007,"Shop, Product => Count() Sum(Quantity) Sum(Amount)",100,1,7,5,3120,137,""
45,Read_CSV,00:11:59,0.372,"Inbox/1000M_Fact.csv",100,100,5,5,0,0,""
45,Filter,00:11:59,0.603,"Shop(S90..S99)",100,100,5,5,20235446,2219460,""
45,Join_Key_Value,00:12:00,0.068,"Product, Style => Inner(key_value)",100,100,5,6,2219460,317860,""
45,Add_Column,00:12:00,0.024,"Quantity, Unit_Price => Multiply(Amount)",100,100,6,7,317860,317860,""
45,Filter,00:12:00,0.011,"Amount:Float(>100000)",100,100,7,7,317860,3120,""
45,Append_CSV,00:12:00,0,"Outbox/Peakrs-Detail-Result-1000M_Fact.csv",100,1,7,7,3120,3120,""
45,Group_By,00:12:00,0.006,"Shop, Product => Count() Sum(Quantity) Sum(Amount)",100,1,7,5,3120,137,""
46,Read_CSV,00:12:00,0.363,"Inbox/1000M_Fact.csv",100,100,5,5,0,0,""
46,Filter,00:12:00,0.602,"Shop(S90..S99)",100,100,5,5,20235461,2330433,""
46,Join_Key_Value,00:12:01,0.074,"Product, Style => Inner(key_value)",100,100,5,6,2330433,333753,""
46,Add_Column,00:12:01,0.024,"Quantity, Unit_Price => Multiply(Amount)",100,100,6,7,333753,333753,""
46,Filter,00:12:01,0.013,"Amount:Float(>100000)",100,100,7,7,333753,3276,""
46,Append_CSV,00:12:01,0,"Outbox/Peakrs-Detail-Result-1000M_Fact.csv",100,1,7,7,3276,3276,""
46,Group_By,00:12:01,0.006,"Shop, Product => Count() Sum(Quantity) Sum(Amount)",100,1,7,5,3276,137,""
47,Read_CSV,00:12:01,0.389,"Inbox/1000M_Fact.csv",100,100,5,5,0,0,""
47,Filter,00:12:01,0.594,"Shop(S90..S99)",100,100,5,5,20235458,2219460,""
47,Join_Key_Value,00:12:02,0.068,"Product, Style => Inner(key_value)",100,100,5,6,2219460,317860,""
47,Add_Column,00:12:02,0.078,"Quantity, Unit_Price => Multiply(Amount)",100,100,6,7,317860,317860,""
47,Filter,00:12:02,0.013,"Amount:Float(>100000)",100,100,7,7,317860,3120,""
47,Append_CSV,00:12:02,0.001,"Outbox/Peakrs-Detail-Result-1000M_Fact.csv",100,1,7,7,3120,3120,""
47,Group_By,00:12:02,0.01,"Shop, Product => Count() Sum(Quantity) Sum(Amount)",100,1,7,5,3120,137,""
48,Read_CSV,00:12:02,0.343,"Inbox/1000M_Fact.csv",100,100,5,5,0,0,""
48,Filter,00:12:03,0.607,"Shop(S90..S99)",100,100,5,5,20235451,2219460,""
48,Join_Key_Value,00:12:03,0.071,"Product, Style => Inner(key_value)",100,100,5,6,2219460,317860,""
48,Add_Column,00:12:03,0.023,"Quantity, Unit_Price => Multiply(Amount)",100,100,6,7,317860,317860,""
48,Filter,00:12:03,0.013,"Amount:Float(>100000)",100,100,7,7,317860,3120,""
48,Append_CSV,00:12:03,0,"Outbox/Peakrs-Detail-Result-1000M_Fact.csv",100,1,7,7,3120,3120,""
48,Group_By,00:12:03,0.007,"Shop, Product => Count() Sum(Quantity) Sum(Amount)",100,1,7,5,3120,137,""
49,Read_CSV,00:12:03,0.15,"Inbox/1000M_Fact.csv",42,42,5,5,0,0,""
49,Filter,00:12:04,0.247,"Shop(S90..S99)",42,42,5,5,8462762,998757,""
49,Join_Key_Value,00:12:04,0.036,"Product, Style => Inner(key_value)",42,42,5,6,998757,143037,""
49,Add_Column,00:12:04,0.012,"Quantity, Unit_Price => Multiply(Amount)",42,42,6,7,143037,143037,""
49,Filter,00:12:04,0.006,"Amount:Float(>100000)",42,42,7,7,143037,1404,""
49,Append_CSV,00:12:04,0,"Outbox/Peakrs-Detail-Result-1000M_Fact.csv",42,1,7,7,1404,1404,""
49,Group_By,00:12:04,0.005,"Shop, Product => Count() Sum(Quantity) Sum(Amount)",42,1,7,5,1404,137,""
0,Final_Group_By,00:12:04,0.003,"Shop, Product => Sum(Count) Sum(Quantity) Sum(Amount)",50,1,5,5,6850,137,""
0,Write_CSV,00:12:04,0,"Outbox/Peakrs-Summary-Result-1000M_Fact.csv",1,1,5,5,137,137,""
