Batch,Command,Start Time,Second,Command Setting,S Partition,E Partition,S Column,E Column,S Row,E Row,Error Message
0,GetCsvPartitionAddress,00:16:26,0.003,"Inbox/Master.csv",0,1,0,3,0,0,""
0,Read_CSV,00:16:26,0,"Inbox/Master.csv",1,1,3,3,0,0,""
0,Filter,00:16:26,0.001,"Style(=F)",1,1,3,3,7200,900,""
0,Build_Key_Value,00:16:26,0.004,"Product, Style => Table(key_value)",1,1,3,3,900,900,""
0,GetCsvPartitionAddress,00:16:26,0.328,"Inbox\100M_Fact.csv",0,495,0,5,0,0,""
0,Read_CSV,00:16:26,0.365,"Inbox\100M_Fact.csv",100,100,5,5,0,0,""
0,Filter,00:16:26,0.333,"Shop(S90..S99)",100,100,5,5,20235466,2219460,""
0,JoinKeyValue,00:16:27,0.074,"Product, Style => Inner(key_value)",100,100,5,6,2219460,2219460,""
0,AddColumn,00:16:27,0.032,"Quantity, Unit_Price => Multiply(Amount)",100,100,6,7,317860,317860,""
0,Filter,00:16:27,0.012,"Amount:Float(>100000)",100,100,7,7,317860,3120,""
0,AppendCsv,00:16:27,0.001,"Outbox/PeakGo-Detail-Result-100M_Fact.csv",100,1,7,7,3120,3120,""
0,Group_By,00:16:27,0.002,"Shop, Product => Count() Sum(Quantity) Sum(Amount)",100,1,7,5,3120,137,""
1,Read_CSV,00:16:27,0.163,"Inbox\100M_Fact.csv",100,100,5,5,0,0,""
1,Filter,00:16:27,0.307,"Shop(S90..S99)",100,100,5,5,20235448,2219460,""
1,JoinKeyValue,00:16:27,0.058,"Product, Style => Inner(key_value)",100,100,5,6,2219460,2219460,""
1,AddColumn,00:16:27,0.025,"Quantity, Unit_Price => Multiply(Amount)",100,100,6,7,317860,317860,""
1,Filter,00:16:27,0.007,"Amount:Float(>100000)",100,100,7,7,317860,3120,""
1,AppendCsv,00:16:27,0,"Outbox/PeakGo-Detail-Result-100M_Fact.csv",100,1,7,7,3120,3120,""
1,Group_By,00:16:27,0,"Shop, Product => Count() Sum(Quantity) Sum(Amount)",100,1,7,5,3120,137,""
2,Read_CSV,00:16:27,0.167,"Inbox\100M_Fact.csv",100,100,5,5,0,0,""
2,Filter,00:16:28,0.32,"Shop(S90..S99)",100,100,5,5,20235448,2219460,""
2,JoinKeyValue,00:16:28,0.056,"Product, Style => Inner(key_value)",100,100,5,6,2219460,2219460,""
2,AddColumn,00:16:28,0.023,"Quantity, Unit_Price => Multiply(Amount)",100,100,6,7,317860,317860,""
2,Filter,00:16:28,0.009,"Amount:Float(>100000)",100,100,7,7,317860,3120,""
2,AppendCsv,00:16:28,0.002,"Outbox/PeakGo-Detail-Result-100M_Fact.csv",100,1,7,7,3120,3120,""
2,Group_By,00:16:28,0,"Shop, Product => Count() Sum(Quantity) Sum(Amount)",100,1,7,5,3120,137,""
3,Read_CSV,00:16:28,0.194,"Inbox\100M_Fact.csv",100,100,5,5,0,0,""
3,Filter,00:16:28,0.303,"Shop(S90..S99)",100,100,5,5,20235452,2272247,""
3,JoinKeyValue,00:16:28,0.057,"Product, Style => Inner(key_value)",100,100,5,6,2272247,2272247,""
3,AddColumn,00:16:28,0.029,"Quantity, Unit_Price => Multiply(Amount)",100,100,6,7,325461,325461,""
3,Filter,00:16:29,0.011,"Amount:Float(>100000)",100,100,7,7,325461,3195,""
3,AppendCsv,00:16:29,0,"Outbox/PeakGo-Detail-Result-100M_Fact.csv",100,1,7,7,3195,3195,""
3,Group_By,00:16:29,0.003,"Shop, Product => Count() Sum(Quantity) Sum(Amount)",100,1,7,5,3195,137,""
4,Read_CSV,00:16:29,0.149,"Inbox\100M_Fact.csv",95,95,5,5,0,0,""
4,Filter,00:16:29,0.288,"Shop(S90..S99)",95,95,5,5,19058186,2166673,""
4,JoinKeyValue,00:16:29,0.056,"Product, Style => Inner(key_value)",95,95,5,6,2166673,2166673,""
4,AddColumn,00:16:29,0.029,"Quantity, Unit_Price => Multiply(Amount)",95,95,6,7,310259,310259,""
4,Filter,00:16:29,0.007,"Amount:Float(>100000)",95,95,7,7,310259,3045,""
4,AppendCsv,00:16:29,0,"Outbox/PeakGo-Detail-Result-100M_Fact.csv",95,1,7,7,3045,3045,""
4,Group_By,00:16:29,0.003,"Shop, Product => Count() Sum(Quantity) Sum(Amount)",95,1,7,5,3045,137,""
0,Final_Group_By,00:16:29,0.001,"Shop, Product => Sum(Count) Sum(Quantity) Sum(Amount)",5,1,5,5,685,137,""
0,Write_CSV,00:16:29,0.002,"Outbox/Peakgo-Summary-Result-100M_Fact.csv",1,1,5,5,137,137,""
