Batch,Command,Start Time,Second,Command Setting,S Partition,E Partition,S Column,E Column,S Row,E Row,Error Message
0,GetCsvPartitionAddress,00:01:53,0.002,"Inbox/Master.csv",0,1,0,3,0,0,""
0,Read_CSV,00:01:53,0,"Inbox/Master.csv",1,1,3,3,0,0,""
0,Filter,00:01:53,0.001,"Style(=F)",1,1,3,3,7200,900,""
0,Build_Key_Value,00:01:53,0.001,"Product, Style => Table(key_value)",1,1,3,3,900,900,""
0,GetCsvPartitionAddress,00:01:53,3.087,"Inbox\1000M_Fact.csv",0,4942,0,5,0,0,""
0,GetCsvPartitionAddress,00:01:56,3.196,"Inbox\1000M_Fact.csv",0,4942,0,5,0,0,""
0,Read_CSV,00:01:59,0.233,"Inbox\1000M_Fact.csv",100,100,5,5,0,0,""
0,Filter,00:01:59,0.347,"Shop(S90..S99)",100,100,5,5,20235466,2219460,""
0,JoinKeyValue,00:02:00,0.068,"Product, Style => Inner(key_value)",100,100,5,6,2219460,2219460,""
0,AddColumn,00:02:00,0.022,"Quantity, Unit_Price => Multiply(Amount)",100,100,6,7,317860,317860,""
0,Filter,00:02:00,0.011,"Amount:Float(>100000)",100,100,7,7,317860,3120,""
1,Read_CSV,00:01:59,0.537,"Inbox\1000M_Fact.csv",100,100,5,5,0,0,""
0,AppendCsv,00:02:00,0.001,"Outbox/PeakGo-Detail-Result-1000M_Fact.csv",100,1,7,7,3120,3120,""
0,Group_By,00:02:00,0.003,"Shop, Product => Count() Sum(Quantity) Sum(Amount)",100,1,7,5,3120,137,""
1,Filter,00:02:00,0.357,"Shop(S90..S99)",100,100,5,5,20235448,2219460,""
2,Read_CSV,00:02:00,0.401,"Inbox\1000M_Fact.csv",100,100,5,5,0,0,""
1,JoinKeyValue,00:02:00,0.065,"Product, Style => Inner(key_value)",100,100,5,6,2219460,2219460,""
1,AddColumn,00:02:00,0.027,"Quantity, Unit_Price => Multiply(Amount)",100,100,6,7,317860,317860,""
1,Filter,00:02:00,0.012,"Amount:Float(>100000)",100,100,7,7,317860,3120,""
1,Group_By,00:02:00,0.002,"Shop, Product => Count() Sum(Quantity) Sum(Amount)",100,1,7,5,3120,137,""
1,AppendCsv,00:02:00,0,"Outbox/PeakGo-Detail-Result-1000M_Fact.csv",100,1,7,7,3120,3120,""
2,Filter,00:02:00,0.343,"Shop(S90..S99)",100,100,5,5,20235448,2219460,""
3,Read_CSV,00:02:00,0.41,"Inbox\1000M_Fact.csv",100,100,5,5,0,0,""
2,JoinKeyValue,00:02:01,0.071,"Product, Style => Inner(key_value)",100,100,5,6,2219460,2219460,""
2,AddColumn,00:02:01,0.025,"Quantity, Unit_Price => Multiply(Amount)",100,100,6,7,317860,317860,""
2,Filter,00:02:01,0.009,"Amount:Float(>100000)",100,100,7,7,317860,3120,""
2,Group_By,00:02:01,0.008,"Shop, Product => Count() Sum(Quantity) Sum(Amount)",100,1,7,5,3120,137,""
2,AppendCsv,00:02:01,0,"Outbox/PeakGo-Detail-Result-1000M_Fact.csv",100,1,7,7,3120,3120,""
3,Filter,00:02:01,0.342,"Shop(S90..S99)",100,100,5,5,20235452,2272247,""
4,Read_CSV,00:02:01,0.501,"Inbox\1000M_Fact.csv",100,100,5,5,0,0,""
3,JoinKeyValue,00:02:01,0.064,"Product, Style => Inner(key_value)",100,100,5,6,2272247,2272247,""
3,AddColumn,00:02:01,0.029,"Quantity, Unit_Price => Multiply(Amount)",100,100,6,7,325461,325461,""
3,Filter,00:02:01,0.01,"Amount:Float(>100000)",100,100,7,7,325461,3195,""
3,Group_By,00:02:01,0.003,"Shop, Product => Count() Sum(Quantity) Sum(Amount)",100,1,7,5,3195,137,""
3,AppendCsv,00:02:01,0,"Outbox/PeakGo-Detail-Result-1000M_Fact.csv",100,1,7,7,3195,3195,""
5,Read_CSV,00:02:01,0.329,"Inbox\1000M_Fact.csv",100,100,5,5,0,0,""
4,Filter,00:02:01,0.333,"Shop(S90..S99)",100,100,5,5,20235465,2277646,""
4,JoinKeyValue,00:02:02,0.062,"Product, Style => Inner(key_value)",100,100,5,6,2277646,2277646,""
4,AddColumn,00:02:02,0.025,"Quantity, Unit_Price => Multiply(Amount)",100,100,6,7,326152,326152,""
4,Filter,00:02:02,0.013,"Amount:Float(>100000)",100,100,7,7,326152,3201,""
4,Group_By,00:02:02,0.003,"Shop, Product => Count() Sum(Quantity) Sum(Amount)",100,1,7,5,3201,137,""
4,AppendCsv,00:02:02,0.001,"Outbox/PeakGo-Detail-Result-1000M_Fact.csv",100,1,7,7,3201,3201,""
6,Read_CSV,00:02:02,0.346,"Inbox\1000M_Fact.csv",100,100,5,5,0,0,""
5,Filter,00:02:02,0.349,"Shop(S90..S99)",100,100,5,5,20235449,2219460,""
5,JoinKeyValue,00:02:02,0.065,"Product, Style => Inner(key_value)",100,100,5,6,2219460,2219460,""
5,AddColumn,00:02:02,0.025,"Quantity, Unit_Price => Multiply(Amount)",100,100,6,7,317860,317860,""
5,Filter,00:02:02,0.01,"Amount:Float(>100000)",100,100,7,7,317860,3120,""
5,Group_By,00:02:02,0.003,"Shop, Product => Count() Sum(Quantity) Sum(Amount)",100,1,7,5,3120,137,""
7,Read_CSV,00:02:02,0.317,"Inbox\1000M_Fact.csv",100,100,5,5,0,0,""
5,AppendCsv,00:02:02,0.21,"Outbox/PeakGo-Detail-Result-1000M_Fact.csv",100,1,7,7,3120,3120,""
6,Filter,00:02:02,0.357,"Shop(S90..S99)",100,100,5,5,20235448,2219460,""
6,JoinKeyValue,00:02:03,0.062,"Product, Style => Inner(key_value)",100,100,5,6,2219460,2219460,""
8,Read_CSV,00:02:02,0.398,"Inbox\1000M_Fact.csv",100,100,5,5,0,0,""
6,AddColumn,00:02:03,0.024,"Quantity, Unit_Price => Multiply(Amount)",100,100,6,7,317860,317860,""
6,Filter,00:02:03,0.009,"Amount:Float(>100000)",100,100,7,7,317860,3120,""
6,Group_By,00:02:03,0.002,"Shop, Product => Count() Sum(Quantity) Sum(Amount)",100,1,7,5,3120,137,""
6,AppendCsv,00:02:03,0.005,"Outbox/PeakGo-Detail-Result-1000M_Fact.csv",100,1,7,7,3120,3120,""
7,Filter,00:02:03,0.351,"Shop(S90..S99)",100,100,5,5,20235452,2219460,""
7,JoinKeyValue,00:02:03,0.056,"Product, Style => Inner(key_value)",100,100,5,6,2219460,2219460,""
7,AddColumn,00:02:03,0.026,"Quantity, Unit_Price => Multiply(Amount)",100,100,6,7,317860,317860,""
7,Filter,00:02:03,0.009,"Amount:Float(>100000)",100,100,7,7,317860,3120,""
7,Group_By,00:02:03,0.003,"Shop, Product => Count() Sum(Quantity) Sum(Amount)",100,1,7,5,3120,137,""
7,AppendCsv,00:02:03,0.007,"Outbox/PeakGo-Detail-Result-1000M_Fact.csv",100,1,7,7,3120,3120,""
9,Read_CSV,00:02:03,0.629,"Inbox\1000M_Fact.csv",100,100,5,5,0,0,""
8,Filter,00:02:03,0.355,"Shop(S90..S99)",100,100,5,5,20235462,2330433,""
8,JoinKeyValue,00:02:03,0.065,"Product, Style => Inner(key_value)",100,100,5,6,2330433,2330433,""
8,AddColumn,00:02:03,0.026,"Quantity, Unit_Price => Multiply(Amount)",100,100,6,7,333753,333753,""
8,Filter,00:02:03,0.009,"Amount:Float(>100000)",100,100,7,7,333753,3276,""
8,Group_By,00:02:04,0.002,"Shop, Product => Count() Sum(Quantity) Sum(Amount)",100,1,7,5,3276,137,""
8,AppendCsv,00:02:04,0,"Outbox/PeakGo-Detail-Result-1000M_Fact.csv",100,1,7,7,3276,3276,""
9,Filter,00:02:04,0.33,"Shop(S90..S99)",100,100,5,5,20235452,2219460,""
9,JoinKeyValue,00:02:04,0.066,"Product, Style => Inner(key_value)",100,100,5,6,2219460,2219460,""
9,AddColumn,00:02:04,0.023,"Quantity, Unit_Price => Multiply(Amount)",100,100,6,7,317860,317860,""
9,Filter,00:02:04,0.009,"Amount:Float(>100000)",100,100,7,7,317860,3120,""
9,Group_By,00:02:04,0.003,"Shop, Product => Count() Sum(Quantity) Sum(Amount)",100,1,7,5,3120,137,""
10,Read_CSV,00:02:03,0.729,"Inbox\1000M_Fact.csv",100,100,5,5,0,0,""
9,AppendCsv,00:02:04,0,"Outbox/PeakGo-Detail-Result-1000M_Fact.csv",100,1,7,7,3120,3120,""
10,Filter,00:02:04,0.326,"Shop(S90..S99)",100,100,5,5,20235454,2219460,""
10,JoinKeyValue,00:02:04,0.056,"Product, Style => Inner(key_value)",100,100,5,6,2219460,2219460,""
11,Read_CSV,00:02:04,0.492,"Inbox\1000M_Fact.csv",100,100,5,5,0,0,""
10,AddColumn,00:02:04,0.028,"Quantity, Unit_Price => Multiply(Amount)",100,100,6,7,317860,317860,""
10,Filter,00:02:04,0.009,"Amount:Float(>100000)",100,100,7,7,317860,3120,""
10,Group_By,00:02:04,0.002,"Shop, Product => Count() Sum(Quantity) Sum(Amount)",100,1,7,5,3120,137,""
10,AppendCsv,00:02:05,0,"Outbox/PeakGo-Detail-Result-1000M_Fact.csv",100,1,7,7,3120,3120,""
11,Filter,00:02:04,0.348,"Shop(S90..S99)",100,100,5,5,20235446,2219460,""
11,JoinKeyValue,00:02:05,0.064,"Product, Style => Inner(key_value)",100,100,5,6,2219460,2219460,""
11,AddColumn,00:02:05,0.027,"Quantity, Unit_Price => Multiply(Amount)",100,100,6,7,317860,317860,""
11,Filter,00:02:05,0.011,"Amount:Float(>100000)",100,100,7,7,317860,3120,""
11,Group_By,00:02:05,0.002,"Shop, Product => Count() Sum(Quantity) Sum(Amount)",100,1,7,5,3120,137,""
11,AppendCsv,00:02:05,0,"Outbox/PeakGo-Detail-Result-1000M_Fact.csv",100,1,7,7,3120,3120,""
12,Read_CSV,00:02:04,0.612,"Inbox\1000M_Fact.csv",100,100,5,5,0,0,""
12,Filter,00:02:05,0.338,"Shop(S90..S99)",100,100,5,5,20235459,2330433,""
12,JoinKeyValue,00:02:05,0.065,"Product, Style => Inner(key_value)",100,100,5,6,2330433,2330433,""
12,AddColumn,00:02:06,0.027,"Quantity, Unit_Price => Multiply(Amount)",100,100,6,7,333753,333753,""
12,Filter,00:02:06,0.011,"Amount:Float(>100000)",100,100,7,7,333753,3276,""
12,Group_By,00:02:06,0.002,"Shop, Product => Count() Sum(Quantity) Sum(Amount)",100,1,7,5,3276,137,""
12,AppendCsv,00:02:06,0.001,"Outbox/PeakGo-Detail-Result-1000M_Fact.csv",100,1,7,7,3276,3276,""
13,Read_CSV,00:02:05,0.626,"Inbox\1000M_Fact.csv",100,100,5,5,0,0,""
13,Filter,00:02:06,0.347,"Shop(S90..S99)",100,100,5,5,20235458,2219460,""
13,JoinKeyValue,00:02:06,0.072,"Product, Style => Inner(key_value)",100,100,5,6,2219460,2219460,""
13,AddColumn,00:02:06,0.029,"Quantity, Unit_Price => Multiply(Amount)",100,100,6,7,317860,317860,""
13,Filter,00:02:06,0.012,"Amount:Float(>100000)",100,100,7,7,317860,3120,""
13,Group_By,00:02:06,0.003,"Shop, Product => Count() Sum(Quantity) Sum(Amount)",100,1,7,5,3120,137,""
14,Read_CSV,00:02:06,0.51,"Inbox\1000M_Fact.csv",100,100,5,5,0,0,""
13,AppendCsv,00:02:06,0.001,"Outbox/PeakGo-Detail-Result-1000M_Fact.csv",100,1,7,7,3120,3120,""
14,Filter,00:02:06,0.323,"Shop(S90..S99)",100,100,5,5,20235451,2219460,""
14,JoinKeyValue,00:02:07,0.063,"Product, Style => Inner(key_value)",100,100,5,6,2219460,2219460,""
15,Read_CSV,00:02:06,0.467,"Inbox\1000M_Fact.csv",100,100,5,5,0,0,""
14,AddColumn,00:02:07,0.024,"Quantity, Unit_Price => Multiply(Amount)",100,100,6,7,317860,317860,""
14,Filter,00:02:07,0.01,"Amount:Float(>100000)",100,100,7,7,317860,3120,""
14,Group_By,00:02:07,0.003,"Shop, Product => Count() Sum(Quantity) Sum(Amount)",100,1,7,5,3120,137,""
14,AppendCsv,00:02:07,0.177,"Outbox/PeakGo-Detail-Result-1000M_Fact.csv",100,1,7,7,3120,3120,""
15,Filter,00:02:07,0.353,"Shop(S90..S99)",100,100,5,5,20235450,2219460,""
15,JoinKeyValue,00:02:07,0.076,"Product, Style => Inner(key_value)",100,100,5,6,2219460,2219460,""
16,Read_CSV,00:02:07,0.481,"Inbox\1000M_Fact.csv",100,100,5,5,0,0,""
15,AddColumn,00:02:07,0.031,"Quantity, Unit_Price => Multiply(Amount)",100,100,6,7,317860,317860,""
15,Filter,00:02:07,0.012,"Amount:Float(>100000)",100,100,7,7,317860,3120,""
15,Group_By,00:02:07,0.003,"Shop, Product => Count() Sum(Quantity) Sum(Amount)",100,1,7,5,3120,137,""
15,AppendCsv,00:02:07,0,"Outbox/PeakGo-Detail-Result-1000M_Fact.csv",100,1,7,7,3120,3120,""
16,Filter,00:02:07,0.363,"Shop(S90..S99)",100,100,5,5,20235453,2330433,""
17,Read_CSV,00:02:07,0.438,"Inbox\1000M_Fact.csv",100,100,5,5,0,0,""
16,JoinKeyValue,00:02:08,0.069,"Product, Style => Inner(key_value)",100,100,5,6,2330433,2330433,""
16,AddColumn,00:02:08,0.026,"Quantity, Unit_Price => Multiply(Amount)",100,100,6,7,333753,333753,""
16,Filter,00:02:08,0.01,"Amount:Float(>100000)",100,100,7,7,333753,3276,""
16,Group_By,00:02:08,0.002,"Shop, Product => Count() Sum(Quantity) Sum(Amount)",100,1,7,5,3276,137,""
16,AppendCsv,00:02:08,0.004,"Outbox/PeakGo-Detail-Result-1000M_Fact.csv",100,1,7,7,3276,3276,""
17,Filter,00:02:08,0.358,"Shop(S90..S99)",100,100,5,5,20235467,2219460,""
18,Read_CSV,00:02:08,0.477,"Inbox\1000M_Fact.csv",100,100,5,5,0,0,""
17,JoinKeyValue,00:02:08,0.079,"Product, Style => Inner(key_value)",100,100,5,6,2219460,2219460,""
17,AddColumn,00:02:08,0.03,"Quantity, Unit_Price => Multiply(Amount)",100,100,6,7,317860,317860,""
17,Filter,00:02:08,0.011,"Amount:Float(>100000)",100,100,7,7,317860,3120,""
17,Group_By,00:02:08,0.003,"Shop, Product => Count() Sum(Quantity) Sum(Amount)",100,1,7,5,3120,137,""
17,AppendCsv,00:02:08,0.05,"Outbox/PeakGo-Detail-Result-1000M_Fact.csv",100,1,7,7,3120,3120,""
18,Filter,00:02:08,0.342,"Shop(S90..S99)",100,100,5,5,20235449,2219460,""
19,Read_CSV,00:02:08,0.483,"Inbox\1000M_Fact.csv",100,100,5,5,0,0,""
18,JoinKeyValue,00:02:08,0.072,"Product, Style => Inner(key_value)",100,100,5,6,2219460,2219460,""
18,AddColumn,00:02:09,0.027,"Quantity, Unit_Price => Multiply(Amount)",100,100,6,7,317860,317860,""
18,Filter,00:02:09,0.01,"Amount:Float(>100000)",100,100,7,7,317860,3120,""
18,Group_By,00:02:09,0.003,"Shop, Product => Count() Sum(Quantity) Sum(Amount)",100,1,7,5,3120,137,""
18,AppendCsv,00:02:09,0.003,"Outbox/PeakGo-Detail-Result-1000M_Fact.csv",100,1,7,7,3120,3120,""
19,Filter,00:02:09,0.339,"Shop(S90..S99)",100,100,5,5,20235447,2219460,""
20,Read_CSV,00:02:09,0.39,"Inbox\1000M_Fact.csv",100,100,5,5,0,0,""
19,JoinKeyValue,00:02:09,0.058,"Product, Style => Inner(key_value)",100,100,5,6,2219460,2219460,""
19,AddColumn,00:02:09,0.026,"Quantity, Unit_Price => Multiply(Amount)",100,100,6,7,317860,317860,""
19,Filter,00:02:09,0.01,"Amount:Float(>100000)",100,100,7,7,317860,3120,""
19,Group_By,00:02:09,0.003,"Shop, Product => Count() Sum(Quantity) Sum(Amount)",100,1,7,5,3120,137,""
19,AppendCsv,00:02:09,0,"Outbox/PeakGo-Detail-Result-1000M_Fact.csv",100,1,7,7,3120,3120,""
20,Filter,00:02:09,0.361,"Shop(S90..S99)",100,100,5,5,20235453,2274962,""
21,Read_CSV,00:02:09,0.47,"Inbox\1000M_Fact.csv",100,100,5,5,0,0,""
20,JoinKeyValue,00:02:09,0.066,"Product, Style => Inner(key_value)",100,100,5,6,2274962,2274962,""
20,AddColumn,00:02:09,0.023,"Quantity, Unit_Price => Multiply(Amount)",100,100,6,7,325857,325857,""
20,Filter,00:02:09,0.009,"Amount:Float(>100000)",100,100,7,7,325857,3198,""
20,Group_By,00:02:09,0.003,"Shop, Product => Count() Sum(Quantity) Sum(Amount)",100,1,7,5,3198,137,""
20,AppendCsv,00:02:10,0.004,"Outbox/PeakGo-Detail-Result-1000M_Fact.csv",100,1,7,7,3198,3198,""
21,Filter,00:02:09,0.329,"Shop(S90..S99)",100,100,5,5,20235464,2274931,""
22,Read_CSV,00:02:09,0.459,"Inbox\1000M_Fact.csv",100,100,5,5,0,0,""
21,JoinKeyValue,00:02:10,0.073,"Product, Style => Inner(key_value)",100,100,5,6,2274931,2274931,""
21,AddColumn,00:02:10,0.025,"Quantity, Unit_Price => Multiply(Amount)",100,100,6,7,325756,325756,""
21,Filter,00:02:10,0.011,"Amount:Float(>100000)",100,100,7,7,325756,3198,""
21,Group_By,00:02:10,0.003,"Shop, Product => Count() Sum(Quantity) Sum(Amount)",100,1,7,5,3198,137,""
21,AppendCsv,00:02:10,0.001,"Outbox/PeakGo-Detail-Result-1000M_Fact.csv",100,1,7,7,3198,3198,""
23,Read_CSV,00:02:10,0.38,"Inbox\1000M_Fact.csv",100,100,5,5,0,0,""
22,Filter,00:02:10,0.347,"Shop(S90..S99)",100,100,5,5,20235449,2219460,""
22,JoinKeyValue,00:02:10,0.068,"Product, Style => Inner(key_value)",100,100,5,6,2219460,2219460,""
22,AddColumn,00:02:10,0.027,"Quantity, Unit_Price => Multiply(Amount)",100,100,6,7,317860,317860,""
22,Filter,00:02:10,0.008,"Amount:Float(>100000)",100,100,7,7,317860,3120,""
22,Group_By,00:02:10,0,"Shop, Product => Count() Sum(Quantity) Sum(Amount)",100,1,7,5,3120,137,""
22,AppendCsv,00:02:10,0.005,"Outbox/PeakGo-Detail-Result-1000M_Fact.csv",100,1,7,7,3120,3120,""
24,Read_CSV,00:02:10,0.361,"Inbox\1000M_Fact.csv",100,100,5,5,0,0,""
23,Filter,00:02:10,0.331,"Shop(S90..S99)",100,100,5,5,20235447,2219460,""
23,JoinKeyValue,00:02:11,0.065,"Product, Style => Inner(key_value)",100,100,5,6,2219460,2219460,""
23,AddColumn,00:02:11,0.027,"Quantity, Unit_Price => Multiply(Amount)",100,100,6,7,317860,317860,""
23,Filter,00:02:11,0.01,"Amount:Float(>100000)",100,100,7,7,317860,3120,""
23,Group_By,00:02:11,0.003,"Shop, Product => Count() Sum(Quantity) Sum(Amount)",100,1,7,5,3120,137,""
23,AppendCsv,00:02:11,0,"Outbox/PeakGo-Detail-Result-1000M_Fact.csv",100,1,7,7,3120,3120,""
25,Read_CSV,00:02:11,0.528,"Inbox\1000M_Fact.csv",100,100,5,5,0,0,""
24,Filter,00:02:11,0.334,"Shop(S90..S99)",100,100,5,5,20235453,2219460,""
24,JoinKeyValue,00:02:11,0.067,"Product, Style => Inner(key_value)",100,100,5,6,2219460,2219460,""
24,AddColumn,00:02:11,0.025,"Quantity, Unit_Price => Multiply(Amount)",100,100,6,7,317860,317860,""
24,Filter,00:02:11,0.01,"Amount:Float(>100000)",100,100,7,7,317860,3120,""
24,Group_By,00:02:11,0.004,"Shop, Product => Count() Sum(Quantity) Sum(Amount)",100,1,7,5,3120,137,""
24,AppendCsv,00:02:11,0.001,"Outbox/PeakGo-Detail-Result-1000M_Fact.csv",100,1,7,7,3120,3120,""
26,Read_CSV,00:02:11,0.344,"Inbox\1000M_Fact.csv",100,100,5,5,0,0,""
25,Filter,00:02:11,0.345,"Shop(S90..S99)",100,100,5,5,20235462,2330433,""
25,JoinKeyValue,00:02:12,0.066,"Product, Style => Inner(key_value)",100,100,5,6,2330433,2330433,""
25,AddColumn,00:02:12,0.024,"Quantity, Unit_Price => Multiply(Amount)",100,100,6,7,333753,333753,""
25,Filter,00:02:12,0.009,"Amount:Float(>100000)",100,100,7,7,333753,3276,""
25,Group_By,00:02:12,0.003,"Shop, Product => Count() Sum(Quantity) Sum(Amount)",100,1,7,5,3276,137,""
25,AppendCsv,00:02:12,0,"Outbox/PeakGo-Detail-Result-1000M_Fact.csv",100,1,7,7,3276,3276,""
27,Read_CSV,00:02:11,0.318,"Inbox\1000M_Fact.csv",100,100,5,5,0,0,""
26,Filter,00:02:12,0.376,"Shop(S90..S99)",100,100,5,5,20235452,2219460,""
26,JoinKeyValue,00:02:12,0.072,"Product, Style => Inner(key_value)",100,100,5,6,2219460,2219460,""
26,AddColumn,00:02:12,0.022,"Quantity, Unit_Price => Multiply(Amount)",100,100,6,7,317860,317860,""
26,Filter,00:02:12,0.011,"Amount:Float(>100000)",100,100,7,7,317860,3120,""
26,Group_By,00:02:12,0.004,"Shop, Product => Count() Sum(Quantity) Sum(Amount)",100,1,7,5,3120,137,""
26,AppendCsv,00:02:12,0,"Outbox/PeakGo-Detail-Result-1000M_Fact.csv",100,1,7,7,3120,3120,""
28,Read_CSV,00:02:12,0.698,"Inbox\1000M_Fact.csv",100,100,5,5,0,0,""
27,Filter,00:02:12,0.334,"Shop(S90..S99)",100,100,5,5,20235454,2219460,""
27,JoinKeyValue,00:02:13,0.058,"Product, Style => Inner(key_value)",100,100,5,6,2219460,2219460,""
27,AddColumn,00:02:13,0.026,"Quantity, Unit_Price => Multiply(Amount)",100,100,6,7,317860,317860,""
27,Filter,00:02:13,0.009,"Amount:Float(>100000)",100,100,7,7,317860,3120,""
27,Group_By,00:02:13,0.004,"Shop, Product => Count() Sum(Quantity) Sum(Amount)",100,1,7,5,3120,137,""
27,AppendCsv,00:02:13,0.007,"Outbox/PeakGo-Detail-Result-1000M_Fact.csv",100,1,7,7,3120,3120,""
28,Filter,00:02:13,0.364,"Shop(S90..S99)",100,100,5,5,20235446,2219460,""
28,JoinKeyValue,00:02:13,0.073,"Product, Style => Inner(key_value)",100,100,5,6,2219460,2219460,""
28,AddColumn,00:02:13,0.028,"Quantity, Unit_Price => Multiply(Amount)",100,100,6,7,317860,317860,""
28,Filter,00:02:13,0.012,"Amount:Float(>100000)",100,100,7,7,317860,3120,""
28,Group_By,00:02:13,0.002,"Shop, Product => Count() Sum(Quantity) Sum(Amount)",100,1,7,5,3120,137,""
28,AppendCsv,00:02:13,0.001,"Outbox/PeakGo-Detail-Result-1000M_Fact.csv",100,1,7,7,3120,3120,""
29,Read_CSV,00:02:12,0.645,"Inbox\1000M_Fact.csv",100,100,5,5,0,0,""
29,Filter,00:02:13,0.332,"Shop(S90..S99)",100,100,5,5,20235459,2330433,""
29,JoinKeyValue,00:02:14,0.101,"Product, Style => Inner(key_value)",100,100,5,6,2330433,2330433,""
29,AddColumn,00:02:14,0.032,"Quantity, Unit_Price => Multiply(Amount)",100,100,6,7,333753,333753,""
29,Filter,00:02:14,0.011,"Amount:Float(>100000)",100,100,7,7,333753,3276,""
29,Group_By,00:02:14,0.004,"Shop, Product => Count() Sum(Quantity) Sum(Amount)",100,1,7,5,3276,137,""
29,AppendCsv,00:02:14,0.001,"Outbox/PeakGo-Detail-Result-1000M_Fact.csv",100,1,7,7,3276,3276,""
30,Read_CSV,00:02:13,0.653,"Inbox\1000M_Fact.csv",100,100,5,5,0,0,""
30,Filter,00:02:14,0.372,"Shop(S90..S99)",100,100,5,5,20235458,2219460,""
30,JoinKeyValue,00:02:14,0.079,"Product, Style => Inner(key_value)",100,100,5,6,2219460,2219460,""
30,AddColumn,00:02:14,0.025,"Quantity, Unit_Price => Multiply(Amount)",100,100,6,7,317860,317860,""
30,Filter,00:02:14,0.01,"Amount:Float(>100000)",100,100,7,7,317860,3120,""
30,Group_By,00:02:14,0.008,"Shop, Product => Count() Sum(Quantity) Sum(Amount)",100,1,7,5,3120,137,""
31,Read_CSV,00:02:14,0.604,"Inbox\1000M_Fact.csv",100,100,5,5,0,0,""
30,AppendCsv,00:02:14,0.001,"Outbox/PeakGo-Detail-Result-1000M_Fact.csv",100,1,7,7,3120,3120,""
31,Filter,00:02:15,0.342,"Shop(S90..S99)",100,100,5,5,20235451,2219460,""
32,Read_CSV,00:02:14,0.498,"Inbox\1000M_Fact.csv",100,100,5,5,0,0,""
31,JoinKeyValue,00:02:15,0.065,"Product, Style => Inner(key_value)",100,100,5,6,2219460,2219460,""
31,AddColumn,00:02:15,0.023,"Quantity, Unit_Price => Multiply(Amount)",100,100,6,7,317860,317860,""
31,Filter,00:02:15,0.009,"Amount:Float(>100000)",100,100,7,7,317860,3120,""
31,Group_By,00:02:15,0.002,"Shop, Product => Count() Sum(Quantity) Sum(Amount)",100,1,7,5,3120,137,""
31,AppendCsv,00:02:15,0.003,"Outbox/PeakGo-Detail-Result-1000M_Fact.csv",100,1,7,7,3120,3120,""
32,Filter,00:02:15,0.359,"Shop(S90..S99)",100,100,5,5,20235450,2219460,""
32,JoinKeyValue,00:02:15,0.069,"Product, Style => Inner(key_value)",100,100,5,6,2219460,2219460,""
32,AddColumn,00:02:15,0.026,"Quantity, Unit_Price => Multiply(Amount)",100,100,6,7,317860,317860,""
32,Filter,00:02:15,0.011,"Amount:Float(>100000)",100,100,7,7,317860,3120,""
32,Group_By,00:02:15,0.004,"Shop, Product => Count() Sum(Quantity) Sum(Amount)",100,1,7,5,3120,137,""
32,AppendCsv,00:02:15,0,"Outbox/PeakGo-Detail-Result-1000M_Fact.csv",100,1,7,7,3120,3120,""
33,Read_CSV,00:02:15,0.602,"Inbox\1000M_Fact.csv",100,100,5,5,0,0,""
33,Filter,00:02:16,0.331,"Shop(S90..S99)",100,100,5,5,20235453,2330433,""
33,JoinKeyValue,00:02:16,0.074,"Product, Style => Inner(key_value)",100,100,5,6,2330433,2330433,""
33,AddColumn,00:02:16,0.027,"Quantity, Unit_Price => Multiply(Amount)",100,100,6,7,333753,333753,""
33,Filter,00:02:16,0.012,"Amount:Float(>100000)",100,100,7,7,333753,3276,""
33,Group_By,00:02:16,0.003,"Shop, Product => Count() Sum(Quantity) Sum(Amount)",100,1,7,5,3276,137,""
34,Read_CSV,00:02:16,0.489,"Inbox\1000M_Fact.csv",100,100,5,5,0,0,""
33,AppendCsv,00:02:16,0.001,"Outbox/PeakGo-Detail-Result-1000M_Fact.csv",100,1,7,7,3276,3276,""
34,Filter,00:02:16,0.352,"Shop(S90..S99)",100,100,5,5,20235466,2219460,""
35,Read_CSV,00:02:16,0.479,"Inbox\1000M_Fact.csv",100,100,5,5,0,0,""
34,JoinKeyValue,00:02:16,0.061,"Product, Style => Inner(key_value)",100,100,5,6,2219460,2219460,""
34,AddColumn,00:02:16,0.027,"Quantity, Unit_Price => Multiply(Amount)",100,100,6,7,317860,317860,""
34,Filter,00:02:17,0.009,"Amount:Float(>100000)",100,100,7,7,317860,3120,""
34,Group_By,00:02:17,0.003,"Shop, Product => Count() Sum(Quantity) Sum(Amount)",100,1,7,5,3120,137,""
34,AppendCsv,00:02:17,0,"Outbox/PeakGo-Detail-Result-1000M_Fact.csv",100,1,7,7,3120,3120,""
35,Filter,00:02:17,0.328,"Shop(S90..S99)",100,100,5,5,20235449,2219460,""
35,JoinKeyValue,00:02:17,0.063,"Product, Style => Inner(key_value)",100,100,5,6,2219460,2219460,""
35,AddColumn,00:02:17,0.022,"Quantity, Unit_Price => Multiply(Amount)",100,100,6,7,317860,317860,""
35,Filter,00:02:17,0.01,"Amount:Float(>100000)",100,100,7,7,317860,3120,""
35,Group_By,00:02:17,0.002,"Shop, Product => Count() Sum(Quantity) Sum(Amount)",100,1,7,5,3120,137,""
36,Read_CSV,00:02:16,0.491,"Inbox\1000M_Fact.csv",100,100,5,5,0,0,""
35,AppendCsv,00:02:17,0.001,"Outbox/PeakGo-Detail-Result-1000M_Fact.csv",100,1,7,7,3120,3120,""
37,Read_CSV,00:02:17,0.466,"Inbox\1000M_Fact.csv",100,100,5,5,0,0,""
36,Filter,00:02:17,0.369,"Shop(S90..S99)",100,100,5,5,20235447,2219460,""
36,JoinKeyValue,00:02:17,0.066,"Product, Style => Inner(key_value)",100,100,5,6,2219460,2219460,""
36,AddColumn,00:02:18,0.027,"Quantity, Unit_Price => Multiply(Amount)",100,100,6,7,317860,317860,""
36,Filter,00:02:18,0.009,"Amount:Float(>100000)",100,100,7,7,317860,3120,""
36,Group_By,00:02:18,0.003,"Shop, Product => Count() Sum(Quantity) Sum(Amount)",100,1,7,5,3120,137,""
36,AppendCsv,00:02:18,0,"Outbox/PeakGo-Detail-Result-1000M_Fact.csv",100,1,7,7,3120,3120,""
38,Read_CSV,00:02:17,0.364,"Inbox\1000M_Fact.csv",100,100,5,5,0,0,""
37,Filter,00:02:18,0.355,"Shop(S90..S99)",100,100,5,5,20235454,2277676,""
37,JoinKeyValue,00:02:18,0.064,"Product, Style => Inner(key_value)",100,100,5,6,2277676,2277676,""
37,AddColumn,00:02:18,0.026,"Quantity, Unit_Price => Multiply(Amount)",100,100,6,7,326241,326241,""
37,Filter,00:02:18,0.01,"Amount:Float(>100000)",100,100,7,7,326241,3203,""
37,Group_By,00:02:18,0.003,"Shop, Product => Count() Sum(Quantity) Sum(Amount)",100,1,7,5,3203,137,""
37,AppendCsv,00:02:18,0,"Outbox/PeakGo-Detail-Result-1000M_Fact.csv",100,1,7,7,3203,3203,""
39,Read_CSV,00:02:18,0.518,"Inbox\1000M_Fact.csv",100,100,5,5,0,0,""
38,Filter,00:02:18,0.403,"Shop(S90..S99)",100,100,5,5,20235465,2272217,""
38,JoinKeyValue,00:02:18,0.072,"Product, Style => Inner(key_value)",100,100,5,6,2272217,2272217,""
38,AddColumn,00:02:18,0.025,"Quantity, Unit_Price => Multiply(Amount)",100,100,6,7,325372,325372,""
38,Filter,00:02:18,0.009,"Amount:Float(>100000)",100,100,7,7,325372,3193,""
38,Group_By,00:02:19,0.002,"Shop, Product => Count() Sum(Quantity) Sum(Amount)",100,1,7,5,3193,137,""
38,AppendCsv,00:02:19,0.001,"Outbox/PeakGo-Detail-Result-1000M_Fact.csv",100,1,7,7,3193,3193,""
39,Filter,00:02:19,0.338,"Shop(S90..S99)",100,100,5,5,20235448,2219460,""
39,JoinKeyValue,00:02:19,0.069,"Product, Style => Inner(key_value)",100,100,5,6,2219460,2219460,""
39,AddColumn,00:02:19,0.023,"Quantity, Unit_Price => Multiply(Amount)",100,100,6,7,317860,317860,""
40,Read_CSV,00:02:18,0.625,"Inbox\1000M_Fact.csv",100,100,5,5,0,0,""
39,Filter,00:02:19,0.01,"Amount:Float(>100000)",100,100,7,7,317860,3120,""
39,Group_By,00:02:19,0.002,"Shop, Product => Count() Sum(Quantity) Sum(Amount)",100,1,7,5,3120,137,""
39,AppendCsv,00:02:19,0,"Outbox/PeakGo-Detail-Result-1000M_Fact.csv",100,1,7,7,3120,3120,""
40,Filter,00:02:19,0.333,"Shop(S90..S99)",100,100,5,5,20235447,2219460,""
40,JoinKeyValue,00:02:19,0.063,"Product, Style => Inner(key_value)",100,100,5,6,2219460,2219460,""
40,AddColumn,00:02:19,0.028,"Quantity, Unit_Price => Multiply(Amount)",100,100,6,7,317860,317860,""
40,Filter,00:02:19,0.011,"Amount:Float(>100000)",100,100,7,7,317860,3120,""
40,Group_By,00:02:19,0.002,"Shop, Product => Count() Sum(Quantity) Sum(Amount)",100,1,7,5,3120,137,""
40,AppendCsv,00:02:19,0,"Outbox/PeakGo-Detail-Result-1000M_Fact.csv",100,1,7,7,3120,3120,""
41,Read_CSV,00:02:19,0.513,"Inbox\1000M_Fact.csv",100,100,5,5,0,0,""
41,Filter,00:02:19,0.299,"Shop(S90..S99)",100,100,5,5,20235452,2219488,""
41,JoinKeyValue,00:02:20,0.068,"Product, Style => Inner(key_value)",100,100,5,6,2219488,2219488,""
41,AddColumn,00:02:20,0.026,"Quantity, Unit_Price => Multiply(Amount)",100,100,6,7,317866,317866,""
41,Filter,00:02:20,0.01,"Amount:Float(>100000)",100,100,7,7,317866,3120,""
41,Group_By,00:02:20,0.006,"Shop, Product => Count() Sum(Quantity) Sum(Amount)",100,1,7,5,3120,137,""
42,Read_CSV,00:02:19,0.452,"Inbox\1000M_Fact.csv",100,100,5,5,0,0,""
41,AppendCsv,00:02:20,0.001,"Outbox/PeakGo-Detail-Result-1000M_Fact.csv",100,1,7,7,3120,3120,""
43,Read_CSV,00:02:20,0.415,"Inbox\1000M_Fact.csv",100,100,5,5,0,0,""
42,Filter,00:02:20,0.34,"Shop(S90..S99)",100,100,5,5,20235464,2330405,""
42,JoinKeyValue,00:02:20,0.075,"Product, Style => Inner(key_value)",100,100,5,6,2330405,2330405,""
42,AddColumn,00:02:20,0.028,"Quantity, Unit_Price => Multiply(Amount)",100,100,6,7,333747,333747,""
42,Filter,00:02:20,0.01,"Amount:Float(>100000)",100,100,7,7,333747,3276,""
42,Group_By,00:02:20,0.003,"Shop, Product => Count() Sum(Quantity) Sum(Amount)",100,1,7,5,3276,137,""
42,AppendCsv,00:02:21,0,"Outbox/PeakGo-Detail-Result-1000M_Fact.csv",100,1,7,7,3276,3276,""
44,Read_CSV,00:02:20,0.421,"Inbox\1000M_Fact.csv",100,100,5,5,0,0,""
43,Filter,00:02:20,0.402,"Shop(S90..S99)",100,100,5,5,20235451,2219460,""
43,JoinKeyValue,00:02:21,0.08,"Product, Style => Inner(key_value)",100,100,5,6,2219460,2219460,""
43,AddColumn,00:02:21,0.027,"Quantity, Unit_Price => Multiply(Amount)",100,100,6,7,317860,317860,""
43,Filter,00:02:21,0.01,"Amount:Float(>100000)",100,100,7,7,317860,3120,""
43,Group_By,00:02:21,0.004,"Shop, Product => Count() Sum(Quantity) Sum(Amount)",100,1,7,5,3120,137,""
43,AppendCsv,00:02:21,0.002,"Outbox/PeakGo-Detail-Result-1000M_Fact.csv",100,1,7,7,3120,3120,""
45,Read_CSV,00:02:21,0.55,"Inbox\1000M_Fact.csv",100,100,5,5,0,0,""
44,Filter,00:02:21,0.391,"Shop(S90..S99)",100,100,5,5,20235452,2219460,""
44,JoinKeyValue,00:02:21,0.092,"Product, Style => Inner(key_value)",100,100,5,6,2219460,2219460,""
44,AddColumn,00:02:21,0.03,"Quantity, Unit_Price => Multiply(Amount)",100,100,6,7,317860,317860,""
44,Filter,00:02:22,0.012,"Amount:Float(>100000)",100,100,7,7,317860,3120,""
44,Group_By,00:02:22,0.004,"Shop, Product => Count() Sum(Quantity) Sum(Amount)",100,1,7,5,3120,137,""
44,AppendCsv,00:02:22,0.001,"Outbox/PeakGo-Detail-Result-1000M_Fact.csv",100,1,7,7,3120,3120,""
45,Filter,00:02:22,0.393,"Shop(S90..S99)",100,100,5,5,20235446,2219460,""
45,JoinKeyValue,00:02:22,0.068,"Product, Style => Inner(key_value)",100,100,5,6,2219460,2219460,""
45,AddColumn,00:02:22,0.025,"Quantity, Unit_Price => Multiply(Amount)",100,100,6,7,317860,317860,""
46,Read_CSV,00:02:21,0.715,"Inbox\1000M_Fact.csv",100,100,5,5,0,0,""
45,Filter,00:02:22,0.012,"Amount:Float(>100000)",100,100,7,7,317860,3120,""
45,Group_By,00:02:22,0.002,"Shop, Product => Count() Sum(Quantity) Sum(Amount)",100,1,7,5,3120,137,""
45,AppendCsv,00:02:22,0.002,"Outbox/PeakGo-Detail-Result-1000M_Fact.csv",100,1,7,7,3120,3120,""
46,Filter,00:02:22,0.358,"Shop(S90..S99)",100,100,5,5,20235461,2330433,""
46,JoinKeyValue,00:02:22,0.063,"Product, Style => Inner(key_value)",100,100,5,6,2330433,2330433,""
46,AddColumn,00:02:22,0.029,"Quantity, Unit_Price => Multiply(Amount)",100,100,6,7,333753,333753,""
46,Filter,00:02:22,0.008,"Amount:Float(>100000)",100,100,7,7,333753,3276,""
46,Group_By,00:02:22,0.003,"Shop, Product => Count() Sum(Quantity) Sum(Amount)",100,1,7,5,3276,137,""
46,AppendCsv,00:02:23,0.001,"Outbox/PeakGo-Detail-Result-1000M_Fact.csv",100,1,7,7,3276,3276,""
47,Read_CSV,00:02:22,0.576,"Inbox\1000M_Fact.csv",100,100,5,5,0,0,""
47,Filter,00:02:23,0.312,"Shop(S90..S99)",100,100,5,5,20235458,2219460,""
47,JoinKeyValue,00:02:23,0.058,"Product, Style => Inner(key_value)",100,100,5,6,2219460,2219460,""
47,AddColumn,00:02:23,0.025,"Quantity, Unit_Price => Multiply(Amount)",100,100,6,7,317860,317860,""
47,Filter,00:02:23,0.008,"Amount:Float(>100000)",100,100,7,7,317860,3120,""
47,Group_By,00:02:23,0.003,"Shop, Product => Count() Sum(Quantity) Sum(Amount)",100,1,7,5,3120,137,""
48,Read_CSV,00:02:23,0.444,"Inbox\1000M_Fact.csv",100,100,5,5,0,0,""
47,AppendCsv,00:02:23,0,"Outbox/PeakGo-Detail-Result-1000M_Fact.csv",100,1,7,7,3120,3120,""
49,Read_CSV,00:02:23,0.083,"Inbox\1000M_Fact.csv",42,42,5,5,0,0,""
48,Filter,00:02:23,0.314,"Shop(S90..S99)",100,100,5,5,20235451,2219460,""
48,JoinKeyValue,00:02:23,0.063,"Product, Style => Inner(key_value)",100,100,5,6,2219460,2219460,""
48,AddColumn,00:02:23,0.022,"Quantity, Unit_Price => Multiply(Amount)",100,100,6,7,317860,317860,""
48,Filter,00:02:24,0.008,"Amount:Float(>100000)",100,100,7,7,317860,3120,""
48,Group_By,00:02:24,0,"Shop, Product => Count() Sum(Quantity) Sum(Amount)",100,1,7,5,3120,137,""
48,AppendCsv,00:02:24,0.004,"Outbox/PeakGo-Detail-Result-1000M_Fact.csv",100,1,7,7,3120,3120,""
49,Filter,00:02:24,0.153,"Shop(S90..S99)",42,42,5,5,8462762,998757,""
49,JoinKeyValue,00:02:24,0.03,"Product, Style => Inner(key_value)",42,42,5,6,998757,998757,""
49,AddColumn,00:02:24,0.018,"Quantity, Unit_Price => Multiply(Amount)",42,42,6,7,143037,143037,""
49,Filter,00:02:24,0.003,"Amount:Float(>100000)",42,42,7,7,143037,1404,""
49,Group_By,00:02:24,0,"Shop, Product => Count() Sum(Quantity) Sum(Amount)",42,1,7,5,1404,137,""
0,Final_Group_By,00:02:24,0.007,"Shop, Product => Sum(Count) Sum(Quantity) Sum(Amount)",50,1,5,5,6850,137,""
0,Write_CSV,00:02:24,0,"Outbox/Peakgo-Summary-Result-1000M_Fact.csv",1,1,5,5,137,137,""
49,AppendCsv,00:02:24,0.001,"Outbox/PeakGo-Detail-Result-1000M_Fact.csv",42,1,7,7,1404,1404,""
